"","SRR10607666","SRR10607667","SRR10607668","SRR10607669","SRR10607670","SRR10607844","SRR10607845","SRR10607846","SRR10607847","SRR10607848","SRR10607849","SRR10607923","SRR10607924","SRR10607925","SRR10607926","SRR10607927","SRR10607929","SRR10607930","SRR10607931","SRR10607932","SRR10607933","SRR10607934","SRR10607958"
"GCGGTAATACGAGAGGCCCTAGTTGATAACTACCGGCGTAAAGAGTGGTTACGGAAAAATATTTAATAAAGCCGAACACCCCCTCAGCCGTCATACGCACCTGGGGGCACGAAGATCTACTACGAAAGCAGCTTTAATTATACCTGAACCCACGACAGCTACGACACAAACTGGGATTAGATA",3947,26628,8054,6837,85,0,0,0,0,3521,29607,126,342,617,1052,1506,7,284,6,332,0,0,0
"ATATTTTTTTTTTTAATGATACGGCGACCACCGAGATCTACACTGACGACATGGTTCTACAAGAGTTTGATCATGGCTCAGTGTACTCCTACGGGAGGCAGCAGACCAAGTCTCTGCTACCGTAAGCTCTGTGAATCTCGTATGCCGTCTTCTGCTTGAAAAAAAAAAAATACAT",0,0,0,0,0,0,0,10232,0,0,0,0,0,0,0,0,0,0,0,0,0,0,0
"ATTTTTTTTTTAATGATACGGCGACCACCGAGATCTACACTGACGACATGGTTCTACAAGAGTTTGATCATGGCTCAGCGTGTGACTCCTACGGGAGGCAGCAGACCAAGTCTCTGCTACCGTAATGTCATGCTATCTCGTATGCCGTCTTCTGCTTGAAAAAAAAAAAAAA",0,0,0,0,0,0,8341,0,0,0,0,0,0,0,0,0,0,0,0,0,0,0,0
"GCGGTAATTGGCTTCCTCTACCACCACCCGCCCGTCGGGCTTTTCATTGGCCAAGTCGGCTGAGGAGGAGGAAGAGGGAGGAGGAGGAAGGAGGAGTAAAGGATTATAGGATTAGATA",252,1751,0,62,0,0,0,0,0,224,1923,0,5,0,0,17,0,0,0,0,0,0,0
"ATTTTTTTTTTAATGATACGGCGACCACCGAGATCTACACTGACGACATGGTTCTACACAGCAGCCGCGGTAAGGGAGCAAACAGGATTAGATACCCCCGTAAGACCAAGTCTCTGCTACCGTAACGTGCTCTGATCTCGTATGCCGTCTTCTGCTTGAAAAAAAAAAAAAA",0,3969,0,0,0,0,0,0,0,0,0,0,0,0,0,0,0,0,0,0,0,0,0
"ATTTTTTTTTTAATGATACGGCGACCACCGAGATCTACACTGACGACATGGTTCTACACAGCCGCCGCGGTAAGGGAGCAAACAGGATTAGATACCCCCGTAAGACCAAGTCTCTGCTACCGTAACGTGCTCTGATCTCGTATGCCGTCTTCTGCTTGAAAAAAAAAAAAAA",0,3481,0,0,0,0,0,0,0,0,0,0,0,0,0,0,0,0,0,0,0,0,0
"TTTTTTTTAATGATACGGCGACCACCGAGATCTACACTGACGACATGGTTCTACACAGCCGCCGCGGTAAGGCAGGTGGAAGGTGGATTAGATACCCCCGTAAGACCAAGTCTCTGCTACCGTAACGTGCTCTGATCTCGTATGCCGTCTTCTGCTTGAAAAAAAAAAA",0,3445,0,0,0,0,0,0,0,0,0,0,0,0,0,0,0,0,0,0,0,0,0
"ATTTTTTTTTTAATGATACGGCGACCACCGAGATCTACACTGACGACATGGTTCTACACAGCAGCCGCGGTAAGGGAGCAAACAGGATTAGATACCCCCGTAAGACCAAGTCTCTGCTACCGTAGATATATGTCATCTCGTATGCCGTCTTCTGCTTGAAAAAAAAAAAAAT",0,0,0,0,0,0,0,0,0,0,3262,0,0,0,0,0,0,0,0,0,0,0,0
"ATTTTTTTTTTAATGATACGGCGACCACCGAGATCTACACTGACGACATGGTTCTACACAGCAGCCGCGGTAAGGGAGCAAACAGGATTAGATACCCCCGTAAGACCAAGTCTCTGCTACCGTAACGATCACATATCTCGTATGCCGTCTTCTGCTTGAAAAAAAAAAAAAA",2969,0,0,0,0,0,0,0,0,0,0,0,0,0,0,0,0,0,0,0,0,0,0
"ATTTTTTTTTTAATGATACGGCGACCACCGAGATCTACACTGACGACATGGTTCTACACAGCCGCCGCGGTAAGGGAGCAAACAGGATTAGATACCCCCGTAAGACCAAGTCTCTGCTACCGTAGATATATGTCATCTCGTATGCCGTCTTCTGCTTGAAAAAAAAAAAAAT",0,0,0,0,0,0,0,0,0,0,2836,0,0,0,0,0,0,0,0,0,0,0,0
"TTTTTTTTAATGATACGGCGACCACCGAGATCTACACTGACGACATGGTTCTACACAGCAGCCGCGGTAAGGCAGGTGGAAGGTGGATTAGATACCCCCGTAAGACCAAGTCTCTGCTACCGTATAGTACTAGAATCTCGTATGCCGTCTTCTGCTTGAAAAAAAAAAA",0,0,0,0,0,0,0,0,0,2828,0,0,0,0,0,0,0,0,0,0,0,0,0
"TTTTTTTTAATGATACGGCGACCACCGAGATCTACACTGACGACATGGTTCTACACAGCAGCCGCGGTAAGGCAGGTGGAAGGTGGATTAGATACCCCCGTAAGACCAAGTCTCTGCTACCGTAACGATCACATATCTCGTATGCCGTCTTCTGCTTGAAAAAAAAAAA",2792,0,0,0,0,0,0,0,0,0,0,0,0,0,0,0,0,0,0,0,0,0,0
"ATTTTTTTTTTAATGATACGGCGACCACCGAGATCTACACTGACGACATGGTTCTACACAGCAGCCGCGGTAAGGGAGCAAACAGGATTAGATACCCCCGTAAGACCAAGTCTCTGCTACCGTAAGAGTCGCGTATCTCGTATGCCGTCTTCTGCTTGAAAAAAAAAAAAAT",0,0,0,2665,0,0,0,0,0,0,0,0,0,0,0,0,0,0,0,0,0,0,0
"ATTTTTTTTTTAATGATACGGCGACCACCGAGATCTACACTGACGACATGGTTCTACACAGCCGCCGCGGTAAGGGAGCAAACAGGATTAGATACCCCCGTAAGACCAAGTCTCTGCTACCGTAAGAGTCGCGTATCTCGTATGCCGTCTTCTGCTTGAAAAAAAAAAAAAT",0,0,0,2541,0,0,0,0,0,0,0,0,0,0,0,0,0,0,0,0,0,0,0
"ATTTTTTTTTTAATGATACGGCGACCACCGAGATCTACACTGACGACATGGTTCTACACAGCCGCCGCGGTAAGGGAGCAAACAGGATTAGATACCCCCGTAAGACCAAGTCTCTGCTACCGTAACGATCACATATCTCGTATGCCGTCTTCTGCTTGAAAAAAAAAAAAAA",2466,0,0,0,0,0,0,0,0,0,0,0,0,0,0,0,0,0,0,0,0,0,0
"ACACTGACGACATGGTTCTACAAGAGTTTGATCATGGCTCAGTTGGTAGAGCATGGTGTTTGCAACGCCAGGGTTGTGGGTTCGACTCCTACGGGAGGCAGCAGACCAAGTCTCTGCTACCGTAAGCTCTGTGAAT",0,0,0,0,0,0,0,2462,0,0,0,0,0,0,0,0,0,0,0,0,0,0,0
"ATTTTTTTTTTAATGATACGGCGACCACCGAGATCTACACTGACGACATGGTTCTACACAGCAGCCGCGGTAAGGGAGCAAACAGGATTAGATACCCCAGTAAGACCAAGTCTCTGCTACCGTAACGATCACATATCTCGTATGCCGTCTTCTGCTTGAAAAAAAAAAAAAT",2233,0,0,0,0,0,0,0,0,0,0,0,0,0,0,0,0,0,0,0,0,0,0
"ATTTTTTTTTTAATGATACGGCGACCACCGAGATCTACACTGACGACATGGTTCTACAAGAGTTTGATCCTGGCTCAGCGTGTGACTCCTACGGGAGGCAGCAGACCAAGTCTCTGCTACCGTAGCTGACAGAGATCTCGTATGCCGTCTTCTGCTTGAAAAAAAAAAAAAT",0,0,0,0,0,2220,0,0,0,0,0,0,0,0,0,0,0,0,0,0,0,0,0
"ATTTTTTTTTTAATGATACGGCGACCACCGAGATCTACACTGACGACATGGTTCTACACAGCCGCCGCGGTAAGGGAGCAAACAGGATTAGATACCCCCGTAAGACCAAGTCTCTGCTACCGTATCTACGACATATCTCGTATGCCGTCTTCTGCTTGAAAAAAAAAAAAAA",0,0,2190,0,0,0,0,0,0,0,0,0,0,0,0,0,0,0,0,0,0,0,0
"ATTTTTTTTTTAATGATACGGCGACCACCGAGATCTACACTGACGACATGGTTCTACACAGCAGCCGCGGTAAGGGAGCAAACAGGATTAGATACCCCCGTAAGACCAAGTCTCTGCTACCGTATCTACGACATATCTCGTATGCCGTCTTCTGCTTGAAAAAAAAAAAAAA",0,0,2187,0,0,0,0,0,0,0,0,0,0,0,0,0,0,0,0,0,0,0,0
"ATTTTTTTTTTAATGATACGGCGACCACCGAGATCTACACTGACGACATGGTTCTACACAGCCGCCGCGGTAAGGGAGCAAACAGGATTAGATACCCCAGTAAGACCAAGTCTCTGCTACCGTAACGATCACATATCTCGTATGCCGTCTTCTGCTTGAAAAAAAAAAAAAT",1827,0,0,0,0,0,0,0,0,0,0,0,0,0,0,0,0,0,0,0,0,0,0
"ATTTTTTTTTTAATGATACGGCGACCACCGAGATCTACACTGACGACATGGTTCTACACAGCAGCCGCGGTAAGGGAGCAAACAGGATTAGATACCCCCGTAAGACCAAGTCTCTGCTACCGTATAGTACTAGAATCTCGTATGCCGTCTTCTGCTTGAAAAAAAAAAAAAA",0,0,0,0,0,0,0,0,0,1807,0,0,0,0,0,0,0,0,0,0,0,0,0
"GCGGTTATACGAGAGGCCCTAGTTGATAACTACCGGCGTAAAGAGTGGTTACGGAAAAATATTTAATAAAGCCGAACACCCCCTCAGCCGTCATACGCACCTGGGGGCACGAAGATCTACTACGAAAGCAGCTTTAATTATACCTGAACCCACGACAGCTACGACACAAACTGGGATTAGATA",0,0,0,0,0,0,0,0,0,0,0,0,0,0,0,0,0,0,0,0,1583,9,96
"ATTTTTTTTTTAATGATACGGCGACCACCGAGATCTACACTGACGACATGGTTCTACACAGCAGCCGCGGTAAGGGAGCAAACAGGATTAGATACCCCAGTAAGACCAAGTCTCTGCTACCGTATAGTACTAGAATCTCGTATGCCGTCTTCTGCTTGAAAAAAAAAAAAAT",0,0,0,0,0,0,0,0,0,1660,0,0,0,0,0,0,0,0,0,0,0,0,0
"ACACTGACGACATGGTTCTACAAGAGTTTGATCCTGGCTCAGTTGGTAGAGCATGGTGTTTGCAACGCCAGGGTTGTGGGTTCGACTCCTACGGGAGGCAGCAGACCAAGTCTCTGCTACCGTAAGCTCTGTGAAT",0,0,0,0,0,0,0,1632,0,0,0,0,0,0,0,0,0,0,0,0,0,0,0
"ATTTTTTTTTTAATGATACGGCGACCACCGAGATCTACACTGACGACATGGTTCTACACAGCCGCCGCGGTAAGGGAGCAAACAGGATTAGATACCCCCGTAAGACCAAGTCTCTGCTACCGTATAGTACTAGAATCTCGTATGCCGTCTTCTGCTTGAAAAAAAAAAAAAA",0,0,0,0,0,0,0,0,0,1521,0,0,0,0,0,0,0,0,0,0,0,0,0
"CACTGACGACATGGTTCTACAAGAGTTTGATCATGGCTCAGTGGGGTAGAGCATGGTGTTTGCAACGCCAGGGTTGTGGGTTTGACTCCTACGGGAGGCAGCAGACCAAGTCTCTGCTACCGTAATGTCATGCTA",0,0,0,0,0,0,1520,0,0,0,0,0,0,0,0,0,0,0,0,0,0,0,0
"ATTTTTTTTTTAATGATACGGCGACCACCGAGATCTACACTGACGACATGGTTCTACACAGCAGCCGCGGTAAGGGAGCAAACAGGATTAGATACCCCCGTAAGACCAAGTCTCTGCTACCGTATAGACGTGCTATCTCGTATGCCGTCTTCTGCTTGAAAAAAAAAAAAAA",0,0,0,0,1379,0,0,0,0,0,0,0,0,0,0,0,0,0,0,0,0,0,0
"ATTTTTTTTTTAATGATACGGCGACCACCGAGATCTACACTGACGACATGGTTCTACACAGCCGCCGCGGTAAGGGAGCAAACAGGATTAGATACCCCAGTAAGACCAAGTCTCTGCTACCGTATAGTACTAGAATCTCGTATGCCGTCTTCTGCTTGAAAAAAAAAAAAAT",0,0,0,0,0,0,0,0,0,1337,0,0,0,0,0,0,0,0,0,0,0,0,0
"ATTTTTTTTTTAATGATACGGCGACCACCGAGATCTACACTGACGACATGGTTCTACACAGCAGCCGCGGTAAGGGAGCAAACAGGATTAGATACCCCCGTAAGACCAAGTCTCTGCTACCGTATCTGAGCGCAATCTCGTATGCCGTCTTCTGCTTGAAAAAAAAAAAAAA",0,0,0,0,0,0,0,0,0,0,0,1210,0,0,0,0,0,0,0,0,0,0,0
"ATTTTTTTTTTAATGATACGGCGACCACCGAGATCTACACTGACGACATGGTTCTACACAGCCGCCGCGGTAAGGGAGCAAACAGGATTAGATACCCCCGTAAGACCAAGTCTCTGCTACCGTATAGACGTGCTATCTCGTATGCCGTCTTCTGCTTGAAAAAAAAAAAAAA",0,0,0,0,1135,0,0,0,0,0,0,0,0,0,0,0,0,0,0,0,0,0,0
"TTTTTTTTTTTAATGATACGGCGACCACCGAGATCTACACTGACGACATGGTTCTACACAGCAGCCGCGGTAAGGGAGCAAACAGGATTAGATACCCCCGTAAGACCAAGTCTCTGCTACCGTAGCAGCTGTCAATCTCGTATGCCGTCTTCTGCTTGAAAAAAAAAAAAAA",0,0,0,0,0,0,0,0,0,0,0,0,0,0,0,0,0,0,0,0,1083,0,0
"ATTTTTTTTTTAATGATACGGCGACCACCGAGATCTACACTGACGACATGGTTCTACACAGCAGCCGCGGTAAGGGAGCAAACAGGATTAGATACCCCAGTAAGACCAAGTCTCTGCTACCGTATACTGAGCTGATCTCGTATGCCGTCTTCTGCTTGAAAAAAAAAAAAAA",0,0,0,0,0,0,0,0,0,0,0,0,0,0,0,1045,0,0,0,0,0,0,0
"ATTTTTTTTTTAATGATACGGCGACCACCGAGATCTACACTGACGACATGGTTCTACACAGCAGCCGCGGTAAGGGAGCAAACAGGATTAGATACCCGCGTAAGACCAAGTCTCTGCTACCGTATAGTACTAGAATCTCGTATGCCGTCTTCTGCTTGAAAAAAAAAAAAAT",0,0,0,0,0,0,0,0,0,1041,0,0,0,0,0,0,0,0,0,0,0,0,0
"CACTGACGACATGGTTCTACAAGAGTTTGATCCTGGCTCAGTGGGGTAGAGCATGGTGTTTGCAACGCCAGGGTTGTGGGTTTGACTCCTACGGGAGGCAGCAGACCAAGTCTCTGCTACCGTAATGTCATGCTA",0,0,0,0,0,0,1007,0,0,0,0,0,0,0,0,0,0,0,0,0,0,0,0
"ACACTGACGACATGGTTCTACAAGAGTTTGATCATGGCTCAGTTGGTAGAGCATGGTGCGTGCAACGCCAGAGTTGTGGGTTCGACTCCTACGGGAGGCAGCAGACCAAGTCTCTGCTACCGTAATGTCATGCTAT",0,0,0,0,0,0,986,0,0,0,0,0,0,0,0,0,0,0,0,0,0,0,0
"ATTTTTTTTTTAATGATACGGCGACCACCGAGATCTACACTGACGACATGGTTCTACACAGCAGCCGCGGTAAGGGAGCAAACAGGATTAGATACCCCAGTAAGACCAAGTCTCTGCTACCGTAGATATATGTCATCTCGTATGCCGTCTTCTGCTTGAAAAAAAAAAAAAA",0,0,0,0,0,0,0,0,0,0,929,0,0,0,0,0,0,0,0,0,0,0,0
"ATTTTTTTTTTAATGATACGGCGACCACCGAGATCTACACTGACGACATGGTTCTACACAGCCGCCGCGGTAAGGGAGCAAACAGGATTAGATACCCCCGTAAGACCAAGTCTCTGCTACCGTATCTGAGCGCAATCTCGTATGCCGTCTTCTGCTTGAAAAAAAAAAAAAA",0,0,0,0,0,0,0,0,0,0,0,874,0,0,0,0,0,0,0,0,0,0,0
"ATTTTTTTTTTAATGATACGGCGACCACCGAGATCTACACTGACGACATGGTTCTACACAGCCGCCGCGGTAAGGGAGCAAACAGGATTAGATACCCGCGTAAGACCAAGTCTCTGCTACCGTATAGTACTAGAATCTCGTATGCCGTCTTCTGCTTGAAAAAAAAAAAAAT",0,0,0,0,0,0,0,0,0,868,0,0,0,0,0,0,0,0,0,0,0,0,0
"ATTTTTTTTTTAATGATACGGCGACCACCGAGATCTACACTGACGACATGGTTCTACACAGCAGCCGCGGTAAGGGAGCAAACAGGATTAGATACCCGCGTAAGACCAAGTCTCTGCTACCGTAGACGTCTGCTATCTCGTATGCCGTCTTCTGCTTGAAAAAAAAAAAACA",0,0,0,0,0,0,0,0,0,0,0,0,0,853,0,0,0,0,0,0,0,0,0
"ATTTTTTTTTTAATGATACGGCGACCACCGAGATCTACACTGACGACATGGTTCTACACAGCCGCCGCGGTAAGGGAGCAAACAGGATTAGATACCCCAGTAAGACCAAGTCTCTGCTACCGTAGATATATGTCATCTCGTATGCCGTCTTCTGCTTGAAAAAAAAAAAAAA",0,0,0,0,0,0,0,0,0,0,836,0,0,0,0,0,0,0,0,0,0,0,0
"ATTTTTTTTTTAATGATACGGCGACCACCGAGATCTACACTGACGACATGGTTCTACACAGCAGCCGCGGTAAGGGAGCAAACAGGATTAGATACCCCCGTAAGACCAAGTCTCTGCTACCGTAGTACTCGCGAATCTCGTATGCCGTCTTCTGCTTGAAAAAAAAAAAAAT",0,0,0,0,0,0,0,0,0,0,0,0,725,0,0,0,0,0,0,0,0,0,0
"GCGACCACCGAGATCTACACTGACGACATGGTTCTACAAGAGTTTGATCATGGCTCAGCTAAAGAATTGTTTGGTTCGATGATGACTCCTACGGGAGGCAGCAGACCAAGTCTCTGCTACCGTAATCACTCATAATCTCGTATGCCGTCTTC",0,0,0,0,0,0,0,0,722,0,0,0,0,0,0,0,0,0,0,0,0,0,0
"ACACTGACGACATGGTTCTACAAGAGTTTGATCATGGCTCAGTTGGTAGAGCATGGTGTTTGCAACGCCAGGGTTGTGGGTTCGACTCCTACGGGAGGCAGCAGACCAAGTCTCTGCTACCGTAGCTGACAGAGAT",0,0,0,0,0,694,0,0,0,0,0,0,0,0,0,0,0,0,0,0,0,0,0
"ATTTTTTTTTTAATGATACGGCGACCACCGAGATCTACACTGACGACATGGTTCTACACAGCCGCCGCGGTAAGGGAGCAAACAGGATTAGATACCCCAGTAAGACCAAGTCTCTGCTACCGTATACTGAGCTGATCTCGTATGCCGTCTTCTGCTTGAAAAAAAAAAAAAA",0,0,0,0,0,0,0,0,0,0,0,0,0,0,0,669,0,0,0,0,0,0,0
"GCGGTAACACGATTAACCCAAGTCAATAGAAGCCGGCGTAAAGAGTGTTTTAGATCACCCCCTCCCCAATAAAGCTAAAACTCACCTGAGTTGTAAAAAACTCCAGTTGACACAAAATAGACTACGAAAGTGGCTTTAACATATCTGAACACACAATAGCTAAGACCCAAACTGGGATTAGATA",225,101,15,0,0,0,0,0,0,214,78,0,0,3,0,9,0,0,0,0,0,0,0
"ATTTTTTTTTTAATGATACGGCGACCACCGAGATCTACACTGACGACATGGTTCTACACAGCAGCCGCGGTAAGGGAGCAAACAGGATTAGATACCCGTGTAAGACCAAGTCTCTGCTACCGTATCACGCTATGATCTCGTATGCCGTCTTCTGCTTGAAAAAAAAAATAAA",0,0,0,0,0,0,0,0,0,0,0,0,0,0,0,0,0,0,0,597,0,0,0
"ACACTGACGACATGGTTCTACAAGAGTTTGATCATGGCTCAGTTGGTAGAGCATGGTGTGTGCAACGCCAGGGTTGTGGGTTCGACTCCTACGGGAGGCAGCAGACCAAGTCTCTGCTACCGTAATCACTCATAAT",0,0,0,0,0,0,0,0,591,0,0,0,0,0,0,0,0,0,0,0,0,0,0
"ACACTGACGACATGGTTCTACAAGAGTTTGATCATGGCTCAGTTGGTAGAGTATGGTGTTTGCAACACCAGGGTTGTGGGTTTGACTCCTACGGGAGGCAGCAGACCAAGTCTCTGCTACCGTAATCACTCATAAT",0,0,0,0,0,0,0,0,585,0,0,0,0,0,0,0,0,0,0,0,0,0,0
"ATTTTTTTTTTAATGATACGGCGACCACCGAGATCTACACTGACGACATGGTTCTACACAGCCGCCGCGGTAAGGGAGCAAACAGGATTAGATACCCCCGTAAGACCAAGTCTCTGCTACCGTAGTACTCGCGAATCTCGTATGCCGTCTTCTGCTTGAAAAAAAAAAAAAT",0,0,0,0,0,0,0,0,0,0,0,0,585,0,0,0,0,0,0,0,0,0,0
"TTTTTTTTTTAATGATACGGCGACCACCGAGATCTACACTGACGACATGGTTCTACACAGCAGCCGCGGCACGTGGATGGCCTAGGATTAGATACCCCCGTAAGACCAAGTCTCTGCTACCGTAGCAGCTGTCAATCTCGTATGCCGTCTTCTGCTTGAAAAAAAAAAAAA",0,0,0,0,0,0,0,0,0,0,0,0,0,0,0,0,0,0,0,0,572,0,0
"ACCGAGATCTACACTGACGACATGGTTCTACAAGAGTTTGATCATGGCTCAGTATGCGGTGCTTACGTCAGAGTTGTGGATTTGACTCCTACGGGAGGCAGCAGACCAAGTCTCTGCTACCGTAGCTGACAGAGATCTCGTATGCC",0,0,0,0,0,549,0,0,0,0,0,0,0,0,0,0,0,0,0,0,0,0,0
"GCGGTAATACGAGAGACCCTAGTTGATAACTACCGGCGTAAAGAGTGGTTACGGAAAAATATTCAATAAAGCCGAACACCCCCTCAGCCGTCATACGCACCTGGGGGCACGAAGATCTACTGCGAAAGCAGCTTTAATTATGCCTGAACCCACGACAGCTACGACACAAACTGGGATTAGATA",225,47,0,0,0,0,0,0,0,193,65,0,0,0,0,0,0,0,0,0,0,0,0
"ACACTGACGACATGGTTCTACAAGAGTTTGATCATGGCTCAGTTGGTAGAGCATGGTGTTTGCAATGCCAGGGTCGTGGGTTCGACTCCTACGGGAGGCAGCAGACCAAGTCTCTGCTACCGTAAGCTCTGTGAAT",0,0,0,0,0,0,0,530,0,0,0,0,0,0,0,0,0,0,0,0,0,0,0
"ATTTTTTTTTTAATGATACGGCGACCACCGAGATCTACACTGACGACATGGTTCTACACAGCCGCCGCGGTAAGGGAGCAAACAGGATTAGATACCCCAGTAAGACCAAGTCTCTGCTACCGTATAGTAGCGCGATCTCGTATGCCGTCTTCTGCTTGAAAAAAAAAAACAA",0,0,0,0,0,0,0,0,0,0,0,0,0,0,527,0,0,0,0,0,0,0,0
"ACACTGACGACATGGTTCTACAAGAGTTTGATCCTGGCTCAGTTGGTAGAGCATGGTGTTTGCAACGCCAGGGTTGTGGGTTCGACTCCTACGGGAGGCAGCAGACCAAGTCTCTGCTACCGTAGCTGACAGAGAT",0,0,0,0,0,453,0,0,0,0,0,0,0,0,0,0,0,0,0,0,0,0,0
"GCGACCACCGAGATCTACACTGACGACATGGTTCTACACAGCAGCCGCGGTAAAACATAGGTCACGAGCATTATCCGGATTTATGGATTAGATACCCCCGTAAGACCAAGTCTCTGCTACCGTAGATATATGTCATCTCGTATGCCGTCTTC",0,0,0,0,0,0,0,0,0,0,436,0,0,0,0,0,0,0,0,0,0,0,0
"ACACTGACGACATGGTTCTACAAGAGTTTGATCATGGCTCAGTTGGTAGAGCATGGTGTTTGCAATGCCAGGGTCGTGGGTTCGACTCCTACGGGAGGCAGCAGACCAAGTCTCTGCTACCGTAATGTCATGCTAT",0,0,0,0,0,0,413,0,0,0,0,0,0,0,0,0,0,0,0,0,0,0,0
"GCGACCACCGAGATCTACACTGACGACATGGTTCTACAAGAGTTTGATCCTGGCTCAGCTAAAGAATTGTTTGGTTCGATGATGACTCCTACGGGAGGCAGCAGACCAAGTCTCTGCTACCGTAATCACTCATAATCTCGTATGCCGTCTTC",0,0,0,0,0,0,0,0,409,0,0,0,0,0,0,0,0,0,0,0,0,0,0
"GCGACCACCGAGATCTACACTGACGACATGGTTCTACACAGCAGCCGCGGTAAAACATAGGTCACGAGCATTATCCGGATTTATGGATTAGATACCCCCGTAAGACCAAGTCTCTGCTACCGTATAGTACTAGAATCTCGTATGCCGTCTTC",0,0,0,0,0,0,0,0,0,409,0,0,0,0,0,0,0,0,0,0,0,0,0
"TTTTTTAATGATACGGCGACCACCGAGATCTACACTGACGACATGGTTCTACAAGAGTTTGATCATGGCTCAGAACGAACGCTGACTCCTACGGGAGGCAGCAGACCAAGTCTCTGCTACCGTAATCACTCATAATCTCGTATGCCGTCTTCTGCTTGAAAAAAAAA",0,0,0,0,0,0,0,0,400,0,0,0,0,0,0,0,0,0,0,0,0,0,0
"ACACTGACGACATGGTTCTACAAGAGTTTGATCCTGGCTCAGTTGGTAGAGCATGGTGTGTGCAACGCCAGGGTTGTGGGTTCGACTCCTACGGGAGGCAGCAGACCAAGTCTCTGCTACCGTAATCACTCATAAT",0,0,0,0,0,0,0,0,369,0,0,0,0,0,0,0,0,0,0,0,0,0,0
"GCGACCACCGAGATCTACACTGACGACATGGTTCTACACAGCCGCCGCGGTAAAACATAGGTCACGAGCATTATCCGGATTTATGGATTAGATACCCCCGTAAGACCAAGTCTCTGCTACCGTAGATATATGTCATCTCGTATGCCGTCTTC",0,0,0,0,0,0,0,0,0,0,369,0,0,0,0,0,0,0,0,0,0,0,0
"GCGACCACCGAGATCTACACTGACGACATGGTTCTACACAGCCGCCGCGGTAAAACATAGGTCACGAGCATTATCCGGATTTATGGATTAGATACCCCCGTAAGACCAAGTCTCTGCTACCGTATAGTACTAGAATCTCGTATGCCGTCTTC",0,0,0,0,0,0,0,0,0,360,0,0,0,0,0,0,0,0,0,0,0,0,0
"ACACTGACGACATGGTTCTACAAGAGTTTGATCCTGGCTCAGTTGGTAGAGTATGGTGTTTGCAACACCAGGGTTGTGGGTTTGACTCCTACGGGAGGCAGCAGACCAAGTCTCTGCTACCGTAATCACTCATAAT",0,0,0,0,0,0,0,0,351,0,0,0,0,0,0,0,0,0,0,0,0,0,0
"ATTTTTTTTTTAATGATACGGCGACCACCGAGATCTACACTGACGACATGGTTCTACACAGCAGCCGCGGTAAGGGAGCAAACAGGATTAGATACCCTGGTAAGACCAAGTCTCTGCTACCGTACAGCTGAGTAATCTCGTATGCCGTCTTCTGCTTGAAAAAAAAAAAAAA",0,0,0,0,0,0,0,0,0,0,0,0,0,0,0,0,0,330,0,0,0,0,0
"ACCGAGATCTACACTGACGACATGGTTCTACACAGCAGCCGCGGTAATTTACTTCTTAGAGAGTTTCTTCTGGTTCTTACACTAGGATTAGATACCCCCGTAAGACCAAGTCTCTGCTACCGTAACGTGCTCTGATCTCGTATGCC",0,328,0,0,0,0,0,0,0,0,0,0,0,0,0,0,0,0,0,0,0,0,0
"GCGACCACCGAGATCTACACTGACGACATGGTTCTACACAGCAGCCGCGGTAAAACATAGGTCACGAGCATTATCCGGATTTATGGATTAGATACCCCCGTAAGACCAAGTCTCTGCTACCGTAACGTGCTCTGATCTCGTATGCCGTCTTC",0,326,0,0,0,0,0,0,0,0,0,0,0,0,0,0,0,0,0,0,0,0,0
"GCGACCACCGAGATCTACACTGACGACATGGTTCTACACAGCCGCCGCGGTAAAACATAGGTCACGAGCATTATCCGGATTTATGGATTAGATACCCCCGTAAGACCAAGTCTCTGCTACCGTAACGTGCTCTGATCTCGTATGCCGTCTTC",0,305,0,0,0,0,0,0,0,0,0,0,0,0,0,0,0,0,0,0,0,0,0
"GCGACCACCGAGATCTACACTGACGACATGGTTCTACACAGCAGCCGCGGTAAAACATAGGTCACGAGCATTATCCGGATTTATGGATTAGATACCCCCGTAAGACCAAGTCTCTGCTACCGTAACGATCACATATCTCGTATGCCGTCTTC",293,0,0,0,0,0,0,0,0,0,0,0,0,0,0,0,0,0,0,0,0,0,0
"ACACTGACGACATGGTTCTACAAGAGTTTGATCCTGGCTCAGTTGGTAGAGCATGGTGTTTGCAATGCCAGGGTCGTGGGTTCGACTCCTACGGGAGGCAGCAGACCAAGTCTCTGCTACCGTAATGTCATGCTAT",0,0,0,0,0,0,287,0,0,0,0,0,0,0,0,0,0,0,0,0,0,0,0
"GCGGTAATACGAGAGGCCCTAGTTGATAACTACCGGCGTAAAGAGTGGTTACGGAAAAATATTTAATAAAGCCGAACACCCCCTCAGCCGTCATACGCACCTGGGGGCACGAAGATCTACTGCGAAAGCAGCTTTAATTATGCCTGAACCCACGACAGCTACGACACAAACTGGGATTAGATA",69,78,41,0,0,0,0,0,0,40,58,0,0,0,0,0,0,0,0,0,0,0,0
"ACCGAGATCTACACTGACGACATGGTTCTACACAGCAGCCGCGGTAATTTACTTCTTAGAGAGTTTCTTCTGGTTCTTACACTAGGATTAGATACCCCCGTAAGACCAAGTCTCTGCTACCGTATAGTACTAGAATCTCGTATGCC",0,0,0,0,0,0,0,0,0,281,0,0,0,0,0,0,0,0,0,0,0,0,0
"ATTTTTTTTTTAATGATACGGCGACCACCGAGATCTACACTGACGACATGGTTCTACACAGCCGCCGCGGTAAGGGAGCAAACAGGATTAGATACCCGAGTAAGACCAAGTCTCTGCTACCGTAGAGATCAGTCATCTCGTATGCCGTCTTCTGCTTGAAAAAAAAAAAAAA",0,0,0,0,0,0,0,0,0,0,0,0,0,0,0,0,276,0,0,0,0,0,0
"ACACTGACGACATGGTTCTACAAGAGTTTGATCATGGCTCAGTTGGTAGAGCATGGTGTTTGCAACACCAGGGTTGTGGGTTTGACTCCTACGGGAGGCAGCAGACCAAGTCTCTGCTACCGTAAGCTCTGTGAAT",0,0,0,0,0,0,0,271,0,0,0,0,0,0,0,0,0,0,0,0,0,0,0
"GCGACCACCGAGATCTACACTGACGACATGGTTCTACACAGCAGCCGCGGTAAAACATAGGTCACGAGCATTATCCGGATTTATGGATTAGATACCCCCGTAAGACCAAGTCTCTGCTACCGTATCTACGACATATCTCGTATGCCGTCTTC",0,0,270,0,0,0,0,0,0,0,0,0,0,0,0,0,0,0,0,0,0,0,0
"TTTTTTTTTTTAATGATACGGCGACCACCGAGATCTACACTGACGACATGGTTCTACACAGCCGCCGCGGTAAGGGAGCAAACAGGATTAGATACCCCCGTAAGACCAAGTCTCTGCTACCGTACATGATACGCATCTCGTATGCCGTCTTCTGCTTGAAAAAAAAAAAAAA",0,0,0,0,0,0,0,0,0,0,0,0,0,0,0,0,0,0,0,0,0,265,0
"TTTTTTTTTTTAATGATACGGCGACCACCGAGATCTACACTGACGACATGGTTCTACACAGCAGCCGCGGTAAGGGAGCAAACAGGATTAGATACCCCCGTAAGACCAAGTCTCTGCTACCGTACATGATACGCATCTCGTATGCCGTCTTCTGCTTGAAAAAAAAAAAAAA",0,0,0,0,0,0,0,0,0,0,0,0,0,0,0,0,0,0,0,0,0,262,0
"ACCGAGATCTACACTGACGACATGGTTCTACACAGCCGCCGCGGTAATTTACTTCTTAGAGAGTTTCTTCTGGTTCTTACACTAGGATTAGATACCCCCGTAAGACCAAGTCTCTGCTACCGTAACGTGCTCTGATCTCGTATGCC",0,260,0,0,0,0,0,0,0,0,0,0,0,0,0,0,0,0,0,0,0,0,0
"GCGACCACCGAGATCTACACTGACGACATGGTTCTACACAGCCGCCGCGGTAAAACATAGGTCACGAGCATTATCCGGATTTATGGATTAGATACCCCCGTAAGACCAAGTCTCTGCTACCGTATCTACGACATATCTCGTATGCCGTCTTC",0,0,257,0,0,0,0,0,0,0,0,0,0,0,0,0,0,0,0,0,0,0,0
"GCGACCACCGAGATCTACACTGACGACATGGTTCTACACAGCCGCCGCGGTAAAACATAGGTCACGAGCATTATCCGGATTTATGGATTAGATACCCCCGTAAGACCAAGTCTCTGCTACCGTAACGATCACATATCTCGTATGCCGTCTTC",248,0,0,0,0,0,0,0,0,0,0,0,0,0,0,0,0,0,0,0,0,0,0
"ACCGAGATCTACACTGACGACATGGTTCTACACAGCAGCCGCGGTAATTTACTTCTTAGAGAGTTTCTTCTGGTTCTTACACTAGGATTAGATACCCCCGTAAGACCAAGTCTCTGCTACCGTAGATATATGTCATCTCGTATGCC",0,0,0,0,0,0,0,0,0,0,241,0,0,0,0,0,0,0,0,0,0,0,0
"ACCGAGATCTACACTGACGACATGGTTCTACACAGCCGCCGCGGTAATTTACTTCTTAGAGAGTTTCTTCTGGTTCTTACACTAGGATTAGATACCCCCGTAAGACCAAGTCTCTGCTACCGTATAGTACTAGAATCTCGTATGCC",0,0,0,0,0,0,0,0,0,235,0,0,0,0,0,0,0,0,0,0,0,0,0
"GCGGTAATACGAGAGACCCTAGTTGATAACTACCGGCGTAAAGAGTGGTTACGGAAAAATATTCAATAAAGCCGAACACCCCCTCAGCCGTCATACGCACCTGGGGGCACGAAGATCTACTACGAAAGCAGCTTTAATTATACCTGAACCCACGACAGCTACGACACAAACTGGGATTAGATA",62,59,0,0,0,0,0,0,0,56,55,0,0,0,0,0,0,0,0,0,0,0,0
"GCGGTAATGGTGGGATTGGTAGCCGAGGTGGTGGTGGGATTGGTAGCCGGGGTGATGGTGGGATTGGTAGCCGGGGTGATGGTGGGATTAGATACCCCCGTAAGAC",0,111,0,0,0,0,0,0,0,0,121,0,0,0,0,0,0,0,0,0,0,0,0
"ACCGAGATCTACACTGACGACATGGTTCTACACAGCAGCCGCGGTAATTTACTTCTTAGAGAGTTTCTTCTGGTTCTTACACTAGGATTAGATACCCCCGTAAGACCAAGTCTCTGCTACCGTAACGATCACATATCTCGTATGCC",222,0,0,0,0,0,0,0,0,0,0,0,0,0,0,0,0,0,0,0,0,0,0
"GCGACCACCGAGATCTACACTGACGACATGGTTCTACACAGCAGCCGCGGTAAAACATAGGTCACGAGCATTATCCGGATTTATGGATTAGATACCCCAGTAAGACCAAGTCTCTGCTACCGTAACGTGCTCTGATCTCGTATGCCGTCTTC",0,214,0,0,0,0,0,0,0,0,0,0,0,0,0,0,0,0,0,0,0,0,0
"TTTTTAATGATACGGCGACCACCGAGATCTACACTGACGACATGGTTCTACACAGCAGCCGCGGTAACGGTCTGGCCTTCGCGAGGATTAGATACCCCCGTAAGACCAAGTCTCTGCTACCGTATAGTACTAGAATCTCGTATGCCGTCTTCTGCTTGAAAAAAAA",0,0,0,0,0,0,0,0,0,206,0,0,0,0,0,0,0,0,0,0,0,0,0
"GCGGTAAGGCGATCCCAGAGAGTAACTGAGTGATGAACGATGGAGGACGTCTGATGACGGAGGTGGAGAAAGAGAGGGAAGAGAAGAGAGGACAGAGAGAAGGTGGGATTAGATA",0,108,0,0,0,0,0,0,0,0,95,0,0,0,0,0,0,0,0,0,0,0,0
"ACCGAGATCTACACTGACGACATGGTTCTACACAGCCGCCGCGGTAATTTACTTCTTAGAGAGTTTCTTCTGGTTCTTACACTAGGATTAGATACCCCCGTAAGACCAAGTCTCTGCTACCGTAGATATATGTCATCTCGTATGCC",0,0,0,0,0,0,0,0,0,0,200,0,0,0,0,0,0,0,0,0,0,0,0
"GCGACCACCGAGATCTACACTGACGACATGGTTCTACACAGCCGCCGCGGTAAAACATAGGTCACGAGCATTATCCGGATTTATGGATTAGATACCCCAGTAAGACCAAGTCTCTGCTACCGTAACGTGCTCTGATCTCGTATGCCGTCTTC",0,173,0,0,0,0,0,0,0,0,0,0,0,0,0,0,0,0,0,0,0,0,0
"TTTTTAATGATACGGCGACCACCGAGATCTACACTGACGACATGGTTCTACACAGCCGCCGCGGTAACGGTCTGGCCTTCGCGAGGATTAGATACCCCCGTAAGACCAAGTCTCTGCTACCGTATAGTACTAGAATCTCGTATGCCGTCTTCTGCTTGAAAAAAAA",0,0,0,0,0,0,0,0,0,170,0,0,0,0,0,0,0,0,0,0,0,0,0
"TTTAATGATACGGCGACCACCGAGATCTACACTGACGACATGGTTCTACACAGCAGCCGCGGTAATACTTTGGCCCGCTCAAGGGGATTAGATACCCCCGTAAGACCAAGTCTCTGCTACCGTAACGTGCTCTGATCTCGTATGCCGTCTTCTGCTTGAAAAAA",0,169,0,0,0,0,0,0,0,0,0,0,0,0,0,0,0,0,0,0,0,0,0
"ACCGAGATCTACACTGACGACATGGTTCTACACAGCCGCCGCGGTAATTTACTTCTTAGAGAGTTTCTTCTGGTTCTTACACTAGGATTAGATACCCCCGTAAGACCAAGTCTCTGCTACCGTAACGATCACATATCTCGTATGCC",168,0,0,0,0,0,0,0,0,0,0,0,0,0,0,0,0,0,0,0,0,0,0
"ATGATACGGCGACCACCGAGATCTACACTGACGACATGGTTCTACACAGCAGCCGCGGTAACTTGAAAGTGTGGGGAGCAAATGGGATTAGATACCCCCGTAAGACCAAGTCTCTGCTACCGTAACGTGCTCTGATCTCGTATGCCGTCTTCTGCTTGAA",0,160,0,0,0,0,0,0,0,0,0,0,0,0,0,0,0,0,0,0,0,0,0
"GCGACCACCGAGATCTACACTGACGACATGGTTCTACACAGCAGCCGCGGTAAAACATAGGTCACGAGCATTATCCGGATTTATGGATTAGATACCCGCGTAAGACCAAGTCTCTGCTACCGTAGATATATGTCATCTCGTATGCCGTCTTC",0,0,0,0,0,0,0,0,0,0,159,0,0,0,0,0,0,0,0,0,0,0,0
"TTTTTAATGATACGGCGACCACCGAGATCTACACTGACGACATGGTTCTACACAGCCGCCGCGGTAAGTAAGAGATCAGGATTTGGATTAGATACCCCCGTAAGACCAAGTCTCTGCTACCGTATAGTACTAGAATCTCGTATGCCGTCTTCTGCTTGAAAAAAAA",0,0,0,0,0,0,0,0,0,158,0,0,0,0,0,0,0,0,0,0,0,0,0
"TTTTTAATGATACGGCGACCACCGAGATCTACACTGACGACATGGTTCTACAAGAGTTTGATCATGGCTCAGATAGGGGTTAGGACTCCTACGGGAGGCAGCAGACCAAGTCTCTGCTACCGTAGCTGACAGAGATCTCGTATGCCGTCTTCTGCTTGAAAAAAAA",0,0,0,0,0,143,0,0,0,0,0,0,0,0,0,0,0,0,0,0,0,0,0
"ATGATACGGCGACCACCGAGATCTACACTGACGACATGGTTCTACACAGCAGCCGCGGTAACTTGAAAGTGTGGGGAGCAAATGGGATTAGATACCCCCGTAAGACCAAGTCTCTGCTACCGTAGATATATGTCATCTCGTATGCCGTCTTCTGCTTGAA",0,0,0,0,0,0,0,0,0,0,143,0,0,0,0,0,0,0,0,0,0,0,0
"GCGACCACCGAGATCTACACTGACGACATGGTTCTACACAGCAGCCGCGGTAAAACATAGGTCACGAGCATTATCCGGATTTATGGATTAGATACCCGCGTAAGACCAAGTCTCTGCTACCGTAACGTGCTCTGATCTCGTATGCCGTCTTC",0,142,0,0,0,0,0,0,0,0,0,0,0,0,0,0,0,0,0,0,0,0,0
"TTTAATGATACGGCGACCACCGAGATCTACACTGACGACATGGTTCTACACAGCAGCCGCGGTAATATCTCGAGTTGTGCAGCTGGATTAGATACCCCCGTAAGACCAAGTCTCTGCTACCGTAACGATCACATATCTCGTATGCCGTCTTCTGCTTGAAAAAA",141,0,0,0,0,0,0,0,0,0,0,0,0,0,0,0,0,0,0,0,0,0,0
"ATGATACGGCGACCACCGAGATCTACACTGACGACATGGTTCTACACAGCAGCCGCGGTAATTCTAGCTTGATCGCCCTCGATTGGATTAGATACCCCCGTAAGACCAAGTCTCTGCTACCGTAGATATATGTCATCTCGTATGCCGTCTTCTGCTTGAA",0,0,0,0,0,0,0,0,0,0,141,0,0,0,0,0,0,0,0,0,0,0,0
"GATACGGCGACCACCGAGATCTACACTGACGACATGGTTCTACACAGCAGCCGCGGTAATTCTGATCAAGGACAGCAAGGCCAAGGATTAGATACCCCCGTAAGACCAAGTCTCTGCTACCGTAGATATATGTCATCTCGTATGCCGTCTTCTGCTTG",0,0,0,0,0,0,0,0,0,0,139,0,0,0,0,0,0,0,0,0,0,0,0
"CGACATGGTTCTACACAGCCGCCGCGGTAAGCGGCTATCTGGTCCGGTACTGACGCTGAGGTGCGAAAGCGTGGGGAGCAAACAGGATTAGATACCCCCGTAAGACCAAGTCTCTGCTACCGTATAGTA",0,0,0,0,0,0,0,0,0,138,0,0,0,0,0,0,0,0,0,0,0,0,0
"ATGATACGGCGACCACCGAGATCTACACTGACGACATGGTTCTACACAGCAGCCGCGGTAATTCTAGCTTGATCGCCCTCGATTGGATTAGATACCCCCGTAAGACCAAGTCTCTGCTACCGTAACGTGCTCTGATCTCGTATGCCGTCTTCTGCTTGAA",0,136,0,0,0,0,0,0,0,0,0,0,0,0,0,0,0,0,0,0,0,0,0
"TTTTTAATGATACGGCGACCACCGAGATCTACACTGACGACATGGTTCTACACAGCCGCCGCGGTAACGGTCTGGCCTTCGCGAGGATTAGATACCCCCGTAAGACCAAGTCTCTGCTACCGTAACGTGCTCTGATCTCGTATGCCGTCTTCTGCTTGAAAAAAAA",0,135,0,0,0,0,0,0,0,0,0,0,0,0,0,0,0,0,0,0,0,0,0
"GCGACCACCGAGATCTACACTGACGACATGGTTCTACACAGCCGCCGCGGTAAAACATAGGTCACGAGCATTATCCGGATTTATGGATTAGATACCCGCGTAAGACCAAGTCTCTGCTACCGTAGATATATGTCATCTCGTATGCCGTCTTC",0,0,0,0,0,0,0,0,0,0,134,0,0,0,0,0,0,0,0,0,0,0,0
"CGACATGGTTCTACACAGCAGCCGCGGTAAGCGGCTATCTGGTCCGGTACTGACGCTGAGGTGCGAAAGCGTGGGGAGCAAACAGGATTAGATACCCCCGTAAGACCAAGTCTCTGCTACCGTATAGTA",0,0,0,0,0,0,0,0,0,133,0,0,0,0,0,0,0,0,0,0,0,0,0
"TTTAATGATACGGCGACCACCGAGATCTACACTGACGACATGGTTCTACACAGCCGCCGCGGTAATATCTCGAGTTGTGCAGCTGGATTAGATACCCCCGTAAGACCAAGTCTCTGCTACCGTAACGATCACATATCTCGTATGCCGTCTTCTGCTTGAAAAAA",132,0,0,0,0,0,0,0,0,0,0,0,0,0,0,0,0,0,0,0,0,0,0
"ATGATACGGCGACCACCGAGATCTACACTGACGACATGGTTCTACACAGCCGCCGCGGTAACTTGAAAGTGTGGGGAGCAAATGGGATTAGATACCCCCGTAAGACCAAGTCTCTGCTACCGTAACGTGCTCTGATCTCGTATGCCGTCTTCTGCTTGAA",0,131,0,0,0,0,0,0,0,0,0,0,0,0,0,0,0,0,0,0,0,0,0
"GATACGGCGACCACCGAGATCTACACTGACGACATGGTTCTACACAGCAGCCGCGGTAATTCTGATCAAGGACAGCAAGGCCAAGGATTAGATACCCCCGTAAGACCAAGTCTCTGCTACCGTAACGTGCTCTGATCTCGTATGCCGTCTTCTGCTTG",0,131,0,0,0,0,0,0,0,0,0,0,0,0,0,0,0,0,0,0,0,0,0
"TTTAATGATACGGCGACCACCGAGATCTACACTGACGACATGGTTCTACACAGCAGCCGCGGTAATATCTCGAGTTGTGCAGCTGGATTAGATACCCCCGTAAGACCAAGTCTCTGCTACCGTATAGTACTAGAATCTCGTATGCCGTCTTCTGCTTGAAAAAA",0,0,0,0,0,0,0,0,0,124,0,0,0,0,0,0,0,0,0,0,0,0,0
"TTTTTAATGATACGGCGACCACCGAGATCTACACTGACGACATGGTTCTACACAGCAGCCGCGGTAACGGTCTGGCCTTCGCGAGGATTAGATACCCCCGTAAGACCAAGTCTCTGCTACCGTAACGATCACATATCTCGTATGCCGTCTTCTGCTTGAAAAAAAA",123,0,0,0,0,0,0,0,0,0,0,0,0,0,0,0,0,0,0,0,0,0,0
"TTTTTAATGATACGGCGACCACCGAGATCTACACTGACGACATGGTTCTACACAGCAGCCGCGGTAACGGTCTGGCCTTCGCGAGGATTAGATACCCCCGTAAGACCAAGTCTCTGCTACCGTAACGTGCTCTGATCTCGTATGCCGTCTTCTGCTTGAAAAAAAA",0,123,0,0,0,0,0,0,0,0,0,0,0,0,0,0,0,0,0,0,0,0,0
"TTTTTAATGATACGGCGACCACCGAGATCTACACTGACGACATGGTTCTACACAGCCGCCGCGGTAACGGTCTGGCCTTCGCGAGGATTAGATACCCCCGTAAGACCAAGTCTCTGCTACCGTAACGATCACATATCTCGTATGCCGTCTTCTGCTTGAAAAAAAA",122,0,0,0,0,0,0,0,0,0,0,0,0,0,0,0,0,0,0,0,0,0,0
"ATGATACGGCGACCACCGAGATCTACACTGACGACATGGTTCTACACAGCCGCCGCGGTAATTCTAGCTTGATCGCCCTCGATTGGATTAGATACCCCCGTAAGACCAAGTCTCTGCTACCGTAACGTGCTCTGATCTCGTATGCCGTCTTCTGCTTGAA",0,120,0,0,0,0,0,0,0,0,0,0,0,0,0,0,0,0,0,0,0,0,0
"GCGACCACCGAGATCTACACTGACGACATGGTTCTACACAGCAGCCGCGGTAAAACATAGGTCACGAGCATTATCCGGATTTATGGATTAGATACCCTCGTAAGACCAAGTCTCTGCTACCGTAACGTGCTCTGATCTCGTATGCCGTCTTC",0,119,0,0,0,0,0,0,0,0,0,0,0,0,0,0,0,0,0,0,0,0,0
"TTTTTAATGATACGGCGACCACCGAGATCTACACTGACGACATGGTTCTACACAGCAGCCGCGGTAACGGTCTGGCCTTCGCGAGGATTAGATACCCCCGTAAGACCAAGTCTCTGCTACCGTAGATATATGTCATCTCGTATGCCGTCTTCTGCTTGAAAAAAAA",0,0,0,0,0,0,0,0,0,0,119,0,0,0,0,0,0,0,0,0,0,0,0
"TTTAATGATACGGCGACCACCGAGATCTACACTGACGACATGGTTCTACACAGCCGCCGCGGTAATACTTTGGCCCGCTCAAGGGGATTAGATACCCCCGTAAGACCAAGTCTCTGCTACCGTAACGTGCTCTGATCTCGTATGCCGTCTTCTGCTTGAAAAAA",0,115,0,0,0,0,0,0,0,0,0,0,0,0,0,0,0,0,0,0,0,0,0
"GATACGGCGACCACCGAGATCTACACTGACGACATGGTTCTACACAGCAGCCGCGGTAATTCTGATCAAGGACAGCAAGGCCAAGGATTAGATACCCCCGTAAGACCAAGTCTCTGCTACCGTATAGTACTAGAATCTCGTATGCCGTCTTCTGCTTG",0,0,0,0,0,0,0,0,0,113,0,0,0,0,0,0,0,0,0,0,0,0,0
"TTTAATGATACGGCGACCACCGAGATCTACACTGACGACATGGTTCTACACAGCAGCCGCGGTAATACTTTGGCCCGCTCAAGGGGATTAGATACCCCCGTAAGACCAAGTCTCTGCTACCGTAGATATATGTCATCTCGTATGCCGTCTTCTGCTTGAAAAAA",0,0,0,0,0,0,0,0,0,0,113,0,0,0,0,0,0,0,0,0,0,0,0
"GCGACCACCGAGATCTACACTGACGACATGGTTCTACACAGCAGCCGCGGTAAAACATAGGTCACGAGCATTATCCGGATTTATGGATTAGATACCCCGGTAAGACCAAGTCTCTGCTACCGTAGATATATGTCATCTCGTATGCCGTCTTC",0,0,0,0,0,0,0,0,0,0,112,0,0,0,0,0,0,0,0,0,0,0,0
"GCGACCACCGAGATCTACACTGACGACATGGTTCTACACAGCCGCCGCGGTAAAACATAGGTCACGAGCATTATCCGGATTTATGGATTAGATACCCGCGTAAGACCAAGTCTCTGCTACCGTAACGTGCTCTGATCTCGTATGCCGTCTTC",0,111,0,0,0,0,0,0,0,0,0,0,0,0,0,0,0,0,0,0,0,0,0
"GATACGGCGACCACCGAGATCTACACTGACGACATGGTTCTACACAGCCGCCGCGGTAATTCTGATCAAGGACAGCAAGGCCAAGGATTAGATACCCCCGTAAGACCAAGTCTCTGCTACCGTAACGTGCTCTGATCTCGTATGCCGTCTTCTGCTTG",0,111,0,0,0,0,0,0,0,0,0,0,0,0,0,0,0,0,0,0,0,0,0
"TAATGATACGGCGACCACCGAGATCTACACTGACGACATGGTTCTACACAGCAGCCGCGGTAACGTCTGGTTCGGAATTTTCAGGGATTAGATACCCCCGTAAGACCAAGTCTCTGCTACCGTAACGATCACATATCTCGTATGCCGTCTTCTGCTTGAAAA",110,0,0,0,0,0,0,0,0,0,0,0,0,0,0,0,0,0,0,0,0,0,0
"GATACGGCGACCACCGAGATCTACACTGACGACATGGTTCTACACAGCCGCCGCGGTAATTCTGATCAAGGACAGCAAGGCCAAGGATTAGATACCCCCGTAAGACCAAGTCTCTGCTACCGTAGATATATGTCATCTCGTATGCCGTCTTCTGCTTG",0,0,0,0,0,0,0,0,0,0,109,0,0,0,0,0,0,0,0,0,0,0,0
"CGACATGGTTCTACACAGCAGCCGCGGTAAGCGGCTATCTGGTCCGGTACTGACGCTGAGGTGCGAAAGCGTGGGGAGCAAACAGGATTAGATACCCCCGTAAGACCAAGTCTCTGCTACCGTAACGAT",108,0,0,0,0,0,0,0,0,0,0,0,0,0,0,0,0,0,0,0,0,0,0
"TTTAATGATACGGCGACCACCGAGATCTACACTGACGACATGGTTCTACACAGCCGCCGCGGTAATATCTCGAGTTGTGCAGCTGGATTAGATACCCCCGTAAGACCAAGTCTCTGCTACCGTATAGTACTAGAATCTCGTATGCCGTCTTCTGCTTGAAAAAA",0,0,0,0,0,0,0,0,0,107,0,0,0,0,0,0,0,0,0,0,0,0,0
"CGACATGGTTCTACACAGCCGCCGCGGTAAGCGGCTATCTGGTCCGGTACTGACGCTGAGGTGCGAAAGCGTGGGGAGCAAACAGGATTAGATACCCCCGTAAGACCAAGTCTCTGCTACCGTAACGAT",106,0,0,0,0,0,0,0,0,0,0,0,0,0,0,0,0,0,0,0,0,0,0
"GCGACCACCGAGATCTACACTGACGACATGGTTCTACACAGCAGCCGCGGTAAAACATAGGTCACGAGCATTATCCGGATTTATGGATTAGATACCCCGGTAAGACCAAGTCTCTGCTACCGTAACGTGCTCTGATCTCGTATGCCGTCTTC",0,106,0,0,0,0,0,0,0,0,0,0,0,0,0,0,0,0,0,0,0,0,0
"TTTTTAATGATACGGCGACCACCGAGATCTACACTGACGACATGGTTCTACACAGCCGCCGCGGTAACGGTCTGGCCTTCGCGAGGATTAGATACCCCCGTAAGACCAAGTCTCTGCTACCGTAGATATATGTCATCTCGTATGCCGTCTTCTGCTTGAAAAAAAA",0,0,0,0,0,0,0,0,0,0,106,0,0,0,0,0,0,0,0,0,0,0,0
"GCGACCACCGAGATCTACACTGACGACATGGTTCTACACAGCAGCCGCGGTAAAACATAGGTCACGAGCATTATCCGGATTTATGGATTAGATACCCTCGTAAGACCAAGTCTCTGCTACCGTAACGATCACATATCTCGTATGCCGTCTTC",103,0,0,0,0,0,0,0,0,0,0,0,0,0,0,0,0,0,0,0,0,0,0
"AATGATACGGCGACCACCGAGATCTACACTGACGACATGGTTCTACACAGCAGCCGCGGTAATACTTACACGTATCGGAGCGCAGGATTAGATACCCCCGTAAGACCAAGTCTCTGCTACCGTAGATATATGTCATCTCGTATGCCGTCTTCTGCTTGAAA",0,0,0,0,0,0,0,0,0,0,102,0,0,0,0,0,0,0,0,0,0,0,0
"GATACGGCGACCACCGAGATCTACACTGACGACATGGTTCTACACAGCCGCCGCGGTAATTCTGATCAAGGACAGCAAGGCCAAGGATTAGATACCCCCGTAAGACCAAGTCTCTGCTACCGTATAGTACTAGAATCTCGTATGCCGTCTTCTGCTTG",0,0,0,0,0,0,0,0,0,101,0,0,0,0,0,0,0,0,0,0,0,0,0
"ATGATACGGCGACCACCGAGATCTACACTGACGACATGGTTCTACACAGCCGCCGCGGTAACTTGAAAGTGTGGGGAGCAAATGGGATTAGATACCCCCGTAAGACCAAGTCTCTGCTACCGTAGATATATGTCATCTCGTATGCCGTCTTCTGCTTGAA",0,0,0,0,0,0,0,0,0,0,101,0,0,0,0,0,0,0,0,0,0,0,0
"TTTAATGATACGGCGACCACCGAGATCTACACTGACGACATGGTTCTACACAGCCGCCGCGGTAATATTTCGAGTTGTGCAGCTGGATTAGATACCCCCGTAAGACCAAGTCTCTGCTACCGTAAGAGTCGCGTATCTCGTATGCCGTCTTCTGCTTGAAAAAA",0,0,0,100,0,0,0,0,0,0,0,0,0,0,0,0,0,0,0,0,0,0,0
"GCGACCACCGAGATCTACACTGACGACATGGTTCTACACAGCCGCCGCGGTAAAACATAGGTCACGAGCATTATCCGGATTTATGGATTAGATACCCTCGTAAGACCAAGTCTCTGCTACCGTAACGTGCTCTGATCTCGTATGCCGTCTTC",0,99,0,0,0,0,0,0,0,0,0,0,0,0,0,0,0,0,0,0,0,0,0
"CAAGAGTTTGATCATGGCTCAGTTGGTAGAGCATGGTGTTTGCAACGCCAGCATGGTGTGTGCAACGTCAGGGTTGTGGGTTCAACTCCTACGGGAGGCAGCAGACCAAGTCTCTG",0,0,0,0,0,0,99,0,0,0,0,0,0,0,0,0,0,0,0,0,0,0,0
"CCGAGATCTACACTGACGACATGGTTCTACACAGCAGCCGCGGTAACCTACCCTGCCAAATCCCATCCCAGGACAGCTTCACCAGGATTAGATACCCCCGTAAGACCAAGTCTCTGCTACCGTAGATATATGTCATCTCGTATGC",0,0,0,0,0,0,0,0,0,0,96,0,0,0,0,0,0,0,0,0,0,0,0
"GCGACCACCGAGATCTACACTGACGACATGGTTCTACACAGCAGCCGCGGTAAAACATAGGTCACGAGCATTATCCGGATTTATGGATTAGATACCCCCGTAAGACCAAGTCTCTGCTACCGTAAGAGTCGCGTATCTCGTATGCCGTCTTC",0,0,0,94,0,0,0,0,0,0,0,0,0,0,0,0,0,0,0,0,0,0,0
"TAATGATACGGCGACCACCGAGATCTACACTGACGACATGGTTCTACACAGCAGCCGCGGTAACGTCTGGTTCGGAATTTTCAGGGATTAGATACCCCCGTAAGACCAAGTCTCTGCTACCGTATAGTACTAGAATCTCGTATGCCGTCTTCTGCTTGAAAA",0,0,0,0,0,0,0,0,0,94,0,0,0,0,0,0,0,0,0,0,0,0,0
"ATGATACGGCGACCACCGAGATCTACACTGACGACATGGTTCTACACAGCCGCCGCGGTAATTCTAGCTTGATCGCCCTCGATTGGATTAGATACCCCCGTAAGACCAAGTCTCTGCTACCGTAGATATATGTCATCTCGTATGCCGTCTTCTGCTTGAA",0,0,0,0,0,0,0,0,0,0,94,0,0,0,0,0,0,0,0,0,0,0,0
"GCGACCACCGAGATCTACACTGACGACATGGTTCTACACAGCCGCCGCGGTAAAACATAGGTCACGAGCATTATCCGGATTTATGGATTAGATACCCCGGTAAGACCAAGTCTCTGCTACCGTAACGATCACATATCTCGTATGCCGTCTTC",93,0,0,0,0,0,0,0,0,0,0,0,0,0,0,0,0,0,0,0,0,0,0
"AATGATACGGCGACCACCGAGATCTACACTGACGACATGGTTCTACACAGCAGCCGCGGTAATACTTACACGTATCGGAGCGCAGGATTAGATACCCCAGTAAGACCAAGTCTCTGCTACCGTAACGTGCTCTGATCTCGTATGCCGTCTTCTGCTTGAAA",0,93,0,0,0,0,0,0,0,0,0,0,0,0,0,0,0,0,0,0,0,0,0
"GCGACCACCGAGATCTACACTGACGACATGGTTCTACACAGCAGCCGCGGTAAAACATAGGTCACGAGCATTATCCGGATTTATGGATTAGATACCCCGGTAAGACCAAGTCTCTGCTACCGTATAGTACTAGAATCTCGTATGCCGTCTTC",0,0,0,0,0,0,0,0,0,92,0,0,0,0,0,0,0,0,0,0,0,0,0
"GCGACCACCGAGATCTACACTGACGACATGGTTCTACACAGCAGCCGCGGTAAAACATAGGTCACGAGCATTATCCGGATTTATGGATTAGATACCCCGGTAAGACCAAGTCTCTGCTACCGTAACGATCACATATCTCGTATGCCGTCTTC",89,0,0,0,0,0,0,0,0,0,0,0,0,0,0,0,0,0,0,0,0,0,0
"GCGACCACCGAGATCTACACTGACGACATGGTTCTACACAGCCGCCGCGGTAAAACATAGGTCACGAGCATTATCCGGATTTATGGATTAGATACCCCGGTAAGACCAAGTCTCTGCTACCGTAGATATATGTCATCTCGTATGCCGTCTTC",0,0,0,0,0,0,0,0,0,0,89,0,0,0,0,0,0,0,0,0,0,0,0
"GCGACCACCGAGATCTACACTGACGACATGGTTCTACACAGCCGCCGCGGTAAAACATAGGTCACGAGCATTATCCGGATTTATGGATTAGATACCCCGGTAAGACCAAGTCTCTGCTACCGTAACGTGCTCTGATCTCGTATGCCGTCTTC",0,88,0,0,0,0,0,0,0,0,0,0,0,0,0,0,0,0,0,0,0,0,0
"GATACGGCGACCACCGAGATCTACACTGACGACATGGTTCTACACAGCAGCCGCGGTAATTCTGATCAAGGACAGCAAGGCCAAGGATTAGATACCCCCGTAAGACCAAGTCTCTGCTACCGTAACGATCACATATCTCGTATGCCGTCTTCTGCTTG",87,0,0,0,0,0,0,0,0,0,0,0,0,0,0,0,0,0,0,0,0,0,0
"GCGACCACCGAGATCTACACTGACGACATGGTTCTACACAGCAGCCGCGGTAAACCATACCTAGTATAAACAATGAGACACCAGGGATTAGATACCCCCGTAAGACCAAGTCTCTGCTACCGTATAGTACTAGAATCTCGTATGCCGTCTTC",0,0,0,0,0,0,0,0,0,86,0,0,0,0,0,0,0,0,0,0,0,0,0
"GCGACCACCGAGATCTACACTGACGACATGGTTCTACACAGCAGCCGCGGTAAAACATAGGTCACGAGCATTATCCGGATTTATGGATTAGATACCCGCGTAAGACCAAGTCTCTGCTACCGTAACGATCACATATCTCGTATGCCGTCTTC",84,0,0,0,0,0,0,0,0,0,0,0,0,0,0,0,0,0,0,0,0,0,0
"GCGACCACCGAGATCTACACTGACGACATGGTTCTACACAGCCGCCGCGGTAAAACATAGGTCACGAGCATTATCCGGATTTATGGATTAGATACCCCTGTAAGACCAAGTCTCTGCTACCGTAACGTGCTCTGATCTCGTATGCCGTCTTC",0,84,0,0,0,0,0,0,0,0,0,0,0,0,0,0,0,0,0,0,0,0,0
"GCGACCACCGAGATCTACACTGACGACATGGTTCTACACAGCCGCCGCGGTAAAACATAGGTCACGAGCATTATCCGGATTTATGGATTAGATACCCCCGTAAGACCAAGTCTCTGCTACCGTAAGAGTCGCGTATCTCGTATGCCGTCTTC",0,0,0,83,0,0,0,0,0,0,0,0,0,0,0,0,0,0,0,0,0,0,0
"ATGATACGGCGACCACCGAGATCTACACTGACGACATGGTTCTACACAGCCGCCGCGGTAATTCTAGCTTGATCGCCCTCGATTGGATTAGATACCCTCGTAAGACCAAGTCTCTGCTACCGTATAGTACTAGAATCTCGTATGCCGTCTTCTGCTTGAA",0,0,0,0,0,0,0,0,0,83,0,0,0,0,0,0,0,0,0,0,0,0,0
"TTTAATGATACGGCGACCACCGAGATCTACACTGACGACATGGTTCTACACAGCCGCCGCGGTAATACTTTGGCCCGCTCAAGGGGATTAGATACCCCCGTAAGACCAAGTCTCTGCTACCGTAGATATATGTCATCTCGTATGCCGTCTTCTGCTTGAAAAAA",0,0,0,0,0,0,0,0,0,0,83,0,0,0,0,0,0,0,0,0,0,0,0
"CCGAGATCTACACTGACGACATGGTTCTACACAGCAGCCGCGGTAACCTACCCTGCCAAATCCCATCCCAGGACAGCTTCACCAGGATTAGATACCCCCGTAAGACCAAGTCTCTGCTACCGTAACGTGCTCTGATCTCGTATGC",0,82,0,0,0,0,0,0,0,0,0,0,0,0,0,0,0,0,0,0,0,0,0
"TAATGATACGGCGACCACCGAGATCTACACTGACGACATGGTTCTACACAGCCGCCGCGGTAACGTCTGGTTCGGAATTTTCAGGGATTAGATACCCCCGTAAGACCAAGTCTCTGCTACCGTAACGATCACATATCTCGTATGCCGTCTTCTGCTTGAAAA",81,0,0,0,0,0,0,0,0,0,0,0,0,0,0,0,0,0,0,0,0,0,0
"GCGACCACCGAGATCTACACTGACGACATGGTTCTACACAGCAGCCGCGGTAAAACATAGGTCACGAGCATTATCCGGATTTATGGATTAGATACCCCTGTAAGACCAAGTCTCTGCTACCGTAACGTGCTCTGATCTCGTATGCCGTCTTC",0,77,0,0,0,0,0,0,0,0,0,0,0,0,0,0,0,0,0,0,0,0,0
"ATGATACGGCGACCACCGAGATCTACACTGACGACATGGTTCTACACAGCAGCCGCGGTAATACTTACACGTATCGGAGCGCAGGGATTAGATACCCCCGTAAGACCAAGTCTCTGCTACCGTATCTACGACATATCTCGTATGCCGTCTTCTGCTTGAA",0,0,76,0,0,0,0,0,0,0,0,0,0,0,0,0,0,0,0,0,0,0,0
"TTTTTTAATGATACGGCGACCACCGAGATCTACACTGACGACATGGTTCTACACAGCCGCCGCGGTAATACCGAACACAAACTGGGATTAGATACCCCCGTAAGACCAAGTCTCTGCTACCGTATAGTACTAGAATCTCGTATGCCGTCTTCTGCTTGAAAAAAAAA",0,0,0,0,0,0,0,0,0,76,0,0,0,0,0,0,0,0,0,0,0,0,0
"GCGACCACCGAGATCTACACTGACGACATGGTTCTACACAGCCGCCGCGGTAAAACATAGGTCACGAGCATTATCCGGATTTATGGATTAGATACCCTCGTAAGACCAAGTCTCTGCTACCGTAACGATCACATATCTCGTATGCCGTCTTC",75,0,0,0,0,0,0,0,0,0,0,0,0,0,0,0,0,0,0,0,0,0,0
"TAATGATACGGCGACCACCGAGATCTACACTGACGACATGGTTCTACACAGCCGCCGCGGTAACGTCTGGTTCGGAATTTTCAGGGATTAGATACCCCCGTAAGACCAAGTCTCTGCTACCGTATAGTACTAGAATCTCGTATGCCGTCTTCTGCTTGAAAA",0,0,0,0,0,0,0,0,0,75,0,0,0,0,0,0,0,0,0,0,0,0,0
"TTTTAATGATACGGCGACCACCGAGATCTACACTGACGACATGGTTCTACACAGCAGCCGCGGTAATAAAAAAGAAAAGAATTCGGATTAGATACCCCCGTAAGACCAAGTCTCTGCTACCGTAGATATATGTCATCTCGTATGCCGTCTTCTGCTTGAAAAAAA",0,0,0,0,0,0,0,0,0,0,75,0,0,0,0,0,0,0,0,0,0,0,0
"GCGACCACCGAGATCTACACTGACGACATGGTTCTACACAGCAGCCGCGGTAAACCATACCTAGTATAAACAATGAGACACCAGGGATTAGATACCCCCGTAAGACCAAGTCTCTGCTACCGTAACGATCACATATCTCGTATGCCGTCTTC",74,0,0,0,0,0,0,0,0,0,0,0,0,0,0,0,0,0,0,0,0,0,0
"GCGACCACCGAGATCTACACTGACGACATGGTTCTACACAGCCGCCGCGGTAAACCATACCTAGTATAAACAATGAGACACCAGGGATTAGATACCCCCGTAAGACCAAGTCTCTGCTACCGTAACGATCACATATCTCGTATGCCGTCTTC",73,0,0,0,0,0,0,0,0,0,0,0,0,0,0,0,0,0,0,0,0,0,0
"ACCGAGATCTACACTGACGACATGGTTCTACACAGCAGCCGCGGTAATTTACTTCTTAGAGAGTTTCTTCTGGTTCTTACACTAGGATTAGATACCCCCGTAAGACCAAGTCTCTGCTACCGTAAGAGTCGCGTATCTCGTATGCC",0,0,0,73,0,0,0,0,0,0,0,0,0,0,0,0,0,0,0,0,0,0,0
"GCGACCACCGAGATCTACACTGACGACATGGTTCTACACAGCAGCCGCGGTAAAACATAGGTCACGAGCATTATCCGGATTTATGGATTAGATACCCCAGTAAGACCAAGTCTCTGCTACCGTATACTGAGCTGATCTCGTATGCCGTCTTC",0,0,0,0,0,0,0,0,0,0,0,0,0,0,0,73,0,0,0,0,0,0,0
"AATGATACGGCGACCACCGAGATCTACACTGACGACATGGTTCTACACAGCCGCCGCGGTAATACTTACACGTATCGGAGCGCAGGATTAGATACCCCCGTAAGACCAAGTCTCTGCTACCGTAGATATATGTCATCTCGTATGCCGTCTTCTGCTTGAAA",0,0,0,0,0,0,0,0,0,0,72,0,0,0,0,0,0,0,0,0,0,0,0
"AATGATACGGCGACCACCGAGATCTACACTGACGACATGGTTCTACACAGCCGCCGCGGTAATACTTACACGTATCGGAGCGCAGGATTAGATACCCCAGTAAGACCAAGTCTCTGCTACCGTAACGTGCTCTGATCTCGTATGCCGTCTTCTGCTTGAAA",0,71,0,0,0,0,0,0,0,0,0,0,0,0,0,0,0,0,0,0,0,0,0
"GCGACCACCGAGATCTACACTGACGACATGGTTCTACACAGCCGCCGCGGTAAAACATAGGTCACGAGCATTATCCGGATTTATGGATTAGATACCCGCGTAAGACCAAGTCTCTGCTACCGTAACGATCACATATCTCGTATGCCGTCTTC",70,0,0,0,0,0,0,0,0,0,0,0,0,0,0,0,0,0,0,0,0,0,0
"CGACCACCGAGATCTACACTGACGACATGGTTCTACACAGCAGCCGCGGTAACACACACACACTGACAACACACACACACACACGGATTAGATACCCCCGTAAGACCAAGTCTCTGCTACCGTAAGAGTCGCGTATCTCGTATGCCGTCTT",0,0,0,70,0,0,0,0,0,0,0,0,0,0,0,0,0,0,0,0,0,0,0
"GATACGGCGACCACCGAGATCTACACTGACGACATGGTTCTACACAGCCGCCGCGGTAATTCTGATCAAGGACAGCAAGGCCAAGGATTAGATACCCCCGTAAGACCAAGTCTCTGCTACCGTAACGATCACATATCTCGTATGCCGTCTTCTGCTTG",69,0,0,0,0,0,0,0,0,0,0,0,0,0,0,0,0,0,0,0,0,0,0
"TTTTAATGATACGGCGACCACCGAGATCTACACTGACGACATGGTTCTACACAGCAGCCGCGGTAATAAAAAAGAAAAGAATTCGGATTAGATACCCCCGTAAGACCAAGTCTCTGCTACCGTAACGTGCTCTGATCTCGTATGCCGTCTTCTGCTTGAAAAAAA",0,68,0,0,0,0,0,0,0,0,0,0,0,0,0,0,0,0,0,0,0,0,0
"CCGAGATCTACACTGACGACATGGTTCTACACAGCCGCCGCGGTAACCTACCCTGCCAAATCCCATCCCAGGACAGCTTCACCAGGATTAGATACCCCCGTAAGACCAAGTCTCTGCTACCGTAACGTGCTCTGATCTCGTATGC",0,68,0,0,0,0,0,0,0,0,0,0,0,0,0,0,0,0,0,0,0,0,0
"ATGATACGGCGACCACCGAGATCTACACTGACGACATGGTTCTACACAGCAGCCGCGGTAATTCTTTGGCCCGCTCAAGGTATTGGATTAGATACCCCAGTAAGACCAAGTCTCTGCTACCGTAACGATCACATATCTCGTATGCCGTCTTCTGCTTGAA",67,0,0,0,0,0,0,0,0,0,0,0,0,0,0,0,0,0,0,0,0,0,0
"GCGACCACCGAGATCTACACTGACGACATGGTTCTACACAGCCGCCGCGGTAAAACATAGGTCACGAGCATTATCCGGATTTATGGATTAGATACCCCGGTAAGACCAAGTCTCTGCTACCGTATAGTACTAGAATCTCGTATGCCGTCTTC",0,0,0,0,0,0,0,0,0,66,0,0,0,0,0,0,0,0,0,0,0,0,0
"ATGATACGGCGACCACCGAGATCTACACTGACGACATGGTTCTACACAGCAGCCGCGGTAATTCTAGCTTGATCGCCCTCGATTGGATTAGATACCCTCGTAAGACCAAGTCTCTGCTACCGTATAGTACTAGAATCTCGTATGCCGTCTTCTGCTTGAA",0,0,0,0,0,0,0,0,0,66,0,0,0,0,0,0,0,0,0,0,0,0,0
"TTTTTTAATGATACGGCGACCACCGAGATCTACACTGACGACATGGTTCTACACAGCAGCCGCGGTAATACCGAACACAAACTGGGATTAGATACCCCCGTAAGACCAAGTCTCTGCTACCGTAACGATCACATATCTCGTATGCCGTCTTCTGCTTGAAAAAAAAA",64,0,0,0,0,0,0,0,0,0,0,0,0,0,0,0,0,0,0,0,0,0,0
"GCGACCACCGAGATCTACACTGACGACATGGTTCTACACAGCCGCCGCGGTAAACCATACCTAGTATAAACAATGAGACACCAGGGATTAGATACCCCCGTAAGACCAAGTCTCTGCTACCGTATAGTACTAGAATCTCGTATGCCGTCTTC",0,0,0,0,0,0,0,0,0,64,0,0,0,0,0,0,0,0,0,0,0,0,0
"ACGACATGGTTCTACAAGAGTTTGATCATGGCTCAGATAGAGGTCAAGGCTCAGATAGGGGTCAGGGCTCAGATAGGGGTTAGGACTCCTACGGGAGGCAGCAGACCAAGTCTCTGCTACCGTAATGTCA",0,0,0,0,0,0,61,0,0,0,0,0,0,0,0,0,0,0,0,0,0,0,0
"ATCATGGCTCAGAACGAACGCTGGCGGCATGCCTAACACATGCAAGTCGAGCGGTAGAGAGAAGCTTGCTTCTCTTGAGAGCGGCGGACGGGTGAGTAATGCCTAGGAATCTGCCTGGTAGTGGGGGATAACGTTCGGAAACGGACGCTAATACCGCATACTCCTACGG",0,0,0,0,0,0,0,0,61,0,0,0,0,0,0,0,0,0,0,0,0,0,0
"ATGATACGGCGACCACCGAGATCTACACTGACGACATGGTTCTACACAGCAGCCGCGGTAATTCTAGCTTGATCGCCCTCGATTGGATTAGATACCCCCGTAAGACCAAGTCTCTGCTACCGTAACGATCACATATCTCGTATGCCGTCTTCTGCTTGAA",57,0,0,0,0,0,0,0,0,0,0,0,0,0,0,0,0,0,0,0,0,0,0
"TTTTAATGATACGGCGACCACCGAGATCTACACTGACGACATGGTTCTACACAGCAGCCGCGGTAAGACCTGGTTATCTACGAAGGATTAGATACCCCCGTAAGACCAAGTCTCTGCTACCGTATAGTACTAGAATCTCGTATGCCGTCTTCTGCTTGAAAAAAA",0,0,0,0,0,0,0,0,0,57,0,0,0,0,0,0,0,0,0,0,0,0,0
"ACCGAGATCTACACTGACGACATGGTTCTACACAGCAGCCGCGGTAATTTACTTCTTAGAGAGTTTCTTCTGGTTCTTACACTAGGATTAGATACCCCCGTAAGACCAAGTCTCTGCTACCGTATCTACGACATATCTCGTATGCC",0,0,56,0,0,0,0,0,0,0,0,0,0,0,0,0,0,0,0,0,0,0,0
"ACCGAGATCTACACTGACGACATGGTTCTACACAGCCGCCGCGGTAATTTACTTCTTAGAGAGTTTCTTCTGGTTCTTACACTAGGATTAGATACCCCCGTAAGACCAAGTCTCTGCTACCGTATCTACGACATATCTCGTATGCC",0,0,56,0,0,0,0,0,0,0,0,0,0,0,0,0,0,0,0,0,0,0,0
"TTAATGATACGGCGACCACCGAGATCTACACTGACGACATGGTTCTACACAGCAGCCGCGGTAATGTTCTCATCAATAGGTTTTGGATTAGATACCCCCGTAAGACCAAGTCTCTGCTACCGTAGATATATGTCATCTCGTATGCCGTCTTCTGCTTGAAAAA",0,0,0,0,0,0,0,0,0,0,45,0,0,0,0,0,0,0,0,0,0,0,0
"ATGATACGGCGACCACCGAGATCTACACTGACGACATGGTTCTACACAGCAGCCGCGGTAATACTTTGGCCCGCTCAAGGTATTGGATTAGATACCCCAGTAAGACCAAGTCTCTGCTACCGTAAGAGTCGCGTATCTCGTATGCCGTCTTCTGCTTGAA",0,0,0,44,0,0,0,0,0,0,0,0,0,0,0,0,0,0,0,0,0,0,0
"AATGATACGGCGACCACCGAGATCTACACTGACGACATGGTTCTACACAGCCGCCGCGGTAACCGGGGTAACAGAGTCAGAACGGGATTAGATACCCCCGTAAGACCAAGTCTCTGCTACCGTATAGTACTAGAATCTCGTATGCCGTCTTCTGCTTGAAA",0,0,0,0,0,0,0,0,0,44,0,0,0,0,0,0,0,0,0,0,0,0,0
"ATGATACGGCGACCACCGAGATCTACACTGACGACATGGTTCTACACAGCAGCCGCGGTAATTCTTTGGCCCGCTCAAGGTATTGGATTAGATACCCCCGTAAGACCAAGTCTCTGCTACCGTATAGTACTAGAATCTCGTATGCCGTCTTCTGCTTGAA",0,0,0,0,0,0,0,0,0,44,0,0,0,0,0,0,0,0,0,0,0,0,0
"GGCGACCACCGAGATCTACACTGACGACATGGTTCTACACAGCCGCCGCGGTAAGACCTGGTTATCTACGAAATGCACGTTCGTGGATTAGATACCCTCGTAAGACCAAGTCTCTGCTACCGTAACGATCACATATCTCGTATGCCGTCTTCT",43,0,0,0,0,0,0,0,0,0,0,0,0,0,0,0,0,0,0,0,0,0,0
"ATGATACGGCGACCACCGAGATCTACACTGACGACATGGTTCTACACAGCCGCCGCGGTAATTCTAGCTTGATCGCCCTCGATTGGATTAGATACCCCCGTAAGACCAAGTCTCTGCTACCGTATCTACGACATATCTCGTATGCCGTCTTCTGCTTGAA",0,0,42,0,0,0,0,0,0,0,0,0,0,0,0,0,0,0,0,0,0,0,0
"GATACGGCGACCACCGAGATCTACACTGACGACATGGTTCTACACAGCCGCCGCGGTAATACTGATCAAGGACAGCAAGGCCAAGGATTAGATACCCCCGTAAGACCAAGTCTCTGCTACCGTAAGAGTCGCGTATCTCGTATGCCGTCTTCTGCTTG",0,0,0,42,0,0,0,0,0,0,0,0,0,0,0,0,0,0,0,0,0,0,0
"ATGATACGGCGACCACCGAGATCTACACTGACGACATGGTTCTACACAGCCGCCGCGGTAATTCTAGCTTGATCGCCCTCGATTGGATTAGATACCCCCGTAAGACCAAGTCTCTGCTACCGTAACGATCACATATCTCGTATGCCGTCTTCTGCTTGAA",41,0,0,0,0,0,0,0,0,0,0,0,0,0,0,0,0,0,0,0,0,0,0
"CCACCGAGATCTACACTGACGACATGGTTCTACAAGAGTTTGATCATGGCTCAGATAGGGGTCAGGGCTCAGATAGGGGTTAGGACTCCTACGGGAGGCAGCAGACCAAGTCTCTGCTACCGTAGCTGACAGAGATCTCGTATGCCGT",0,0,0,0,0,40,0,0,0,0,0,0,0,0,0,0,0,0,0,0,0,0,0
"ATGATACGGCGACCACCGAGATCTACACTGACGACATGGTTCTACACAGCCGCCGCGGTAATTCTTTGGCCCGCTCAAGGTATTGGATTAGATACCCCCGTAAGACCAAGTCTCTGCTACCGTATAGTACTAGAATCTCGTATGCCGTCTTCTGCTTGAA",0,0,0,0,0,0,0,0,0,38,0,0,0,0,0,0,0,0,0,0,0,0,0
"GCGACCACCGAGATCTACACTGACGACATGGTTCTACACAGCAGCCGCGGTAAAACATAGGTCACGAGCATTATCCGGATTTATGGATTAGATACCCTTGTAAGACCAAGTCTCTGCTACCGTAGATATATGTCATCTCGTATGCCGTCTTC",0,0,0,0,0,0,0,0,0,0,36,0,0,0,0,0,0,0,0,0,0,0,0
"TTAATGATACGGCGACCACCGAGATCTACACTGACGACATGGTTCTACACAGCCGCCGCGGTAATGTTCTCATCAATAGGTTTTGGATTAGATACCCCCGTAAGACCAAGTCTCTGCTACCGTAGATATATGTCATCTCGTATGCCGTCTTCTGCTTGAAAAA",0,0,0,0,0,0,0,0,0,0,31,0,0,0,0,0,0,0,0,0,0,0,0
"GCGACCACCGAGATCTACACTGACGACATGGTTCTACACAGCCGCCGCGGTAAAACATAGGTCACGAGCATTATCCGGATTTATGGATTAGATACCCCTGTAAGACCAAGTCTCTGCTACCGTATCTGAGCGCAATCTCGTATGCCGTCTTC",0,0,0,0,0,0,0,0,0,0,0,29,0,0,0,0,0,0,0,0,0,0,0
"GCGGTTATACGAGAGACCCTAGTTGATATATTCGGCGTAAAGAGTGGTTATGGAAAACAAGCACTAAAGCCAAAGAGCCCTCAGGCCGTTATACGCACCCGGGGCCTCGAGCCACTATCACGAAAGTAGCTTTACCCTCGCCCACCAGAACCCACGAGAGCTGGGACACAAACTGGGATTAGATA",0,0,0,0,0,0,0,0,0,0,0,0,0,0,0,0,0,0,0,0,29,0,0
"GCGACCACCGAGATCTACACTGACGACATGGTTCTACACAGCCGCCGCGGTAAAACATAGGTCACGAGCATTATCCGGATTTATGGATTAGATACCCTTGTAAGACCAAGTCTCTGCTACCGTAGATATATGTCATCTCGTATGCCGTCTTC",0,0,0,0,0,0,0,0,0,0,27,0,0,0,0,0,0,0,0,0,0,0,0
"TGACGACATGGTTCTACACAGCAGCCGCGGTAAACTGCACAGCCACCAGCGCAGCCAACAGCAACACAGAGGAGCCTGTGAGTTGGATTAGATACCCCGGTAAGACCAAGTCTCTGCTACCGTAAGAGTCGC",0,0,0,26,0,0,0,0,0,0,0,0,0,0,0,0,0,0,0,0,0,0,0
"TACGGCGACCACCGAGATCTACACTGACGACATGGTTCTACACAGCAGCCGCGGTAATCGTCGATGTGTATAAGAGACAGACTGGGATTAGATACCCCCGTAAGACCAAGTCTCTGCTACCGTATCTACGACATATCTCGTATGCCGTCTTCTGCT",0,0,25,0,0,0,0,0,0,0,0,0,0,0,0,0,0,0,0,0,0,0,0
"GCGGTAAAGATTTGAGCCGAACCGCAGCGGTGAACAGCATTACGGTTAAAGCCTGTGTTCTTCCCAGTGGCCCATTTACTTGGCTGTACAACCCTCAGCATCCTCCCCAGCAAACAGGGATTAGATA",12,0,0,0,0,0,0,0,0,12,0,0,0,0,0,0,0,0,0,0,0,0,0
"GCGGTAATACGATAGGCCCAAGTTGACAGATCCCGGCGTAAAGCGTGGTTAGGGAAAACTCAAAACTAAAGCCGAATATCTTCAGGGCAGTTATACGCTTCCGAAGACACGAAGCCCTTCCACGAAAGTGACTTTATTACCCCCGACCCCACGAAAGCTAGGACACAAACTGGGATTAGATA",5,0,0,0,0,0,0,0,0,19,0,0,0,0,0,0,0,0,0,0,0,0,0
"GCGGTAAGACCACTGATCCTGGCCCTGTCTGTTGACCGGCACAATTAACATTCACCCACTATACACTAGCCCTAATCCTGGAATTTAACAATGCGCTTGGCCCTCAACACTATGGATTAGATA",0,0,24,0,0,0,0,0,0,0,0,0,0,0,0,0,0,0,0,0,0,0,0
"TACGGCGACCACCGAGATCTACACTGACGACATGGTTCTACACAGCAGCCGCGGTAAATTAGCAGAACTACACACCAGGGCCAGGGATTAGATACCCCCGTAAGACCAAGTCTCTGCTACCGTATAGTACTAGAATCTCGTATGCCGTCTTCTGCT",0,0,0,0,0,0,0,0,0,24,0,0,0,0,0,0,0,0,0,0,0,0,0
"ATCTACACTGACGACATGGTTCTACACAGCAGCCGCGGTAAGCCCGGTTCCTCCCTCGCCCTTTAGATCTAGGGTCAACGAATAGGATTAGATACCCCCGTAAGACCAAGTCTCTGCTACCGTATCTACGACATATCTCG",0,0,22,0,0,0,0,0,0,0,0,0,0,0,0,0,0,0,0,0,0,0,0
"ACACTGACGACATGGTTCTACACAGCAGCCGCGGTAATCTGCGCCGCAGGCCTGCAGAACGCGCTGGAGCTGTCGGGCAAGAAGGGATTAGATACCCCCGTAAGACCAAGTCTCTGCTACCGTATCTACGACATAT",0,0,22,0,0,0,0,0,0,0,0,0,0,0,0,0,0,0,0,0,0,0,0
"ACATGGTTCTACACAGCCGCCGCGCGGGGCCGAGGGTCACGGCTATGACCCGATCTTCCAGCCCGACGGACACCCCGTCACCCTTGGAGAGATACCCCCGTAAGACCAAGTCTCTGCTACCGTAGCA",0,0,0,0,0,0,0,0,0,0,0,0,0,0,0,0,0,0,0,0,22,0,0
"GCGGTAAGAGTGAAAAAGTAAAAAAAGCACCCCAATAATCCTAAACTACACAAAATAAGCAATAAACCAGTAGCCAATAATAAGCATAAAGAGAAAAGGATAAAGAAAGAAAGAAGGAAAAGGATTAGATA",0,7,0,0,0,0,0,0,0,0,14,0,0,0,0,0,0,0,0,0,0,0,0
"GCGGTAAGGCGATCCCAGAGAGTAACTGAGTGATGAACGATGGAGGACGTCTGATGACGGAGGTGGAGAAAGAGAGGGAAGAGAAGAGAAGAGAGGACAGAGAGAAGGTGGGATTAGATA",0,0,0,21,0,0,0,0,0,0,0,0,0,0,0,0,0,0,0,0,0,0,0
"TAATGATACGGCGACCACCGAGATCTACACTGACGACATGGTTCTACACCATCCAACATCTCAGCATGATGAAATGTGAGGACAAATATCATTCTGAGGGGCAGACCAAGTCTCTGCTACCGTAACAGCTGTCAATCTCGTATGCCGTCTTCTGCTTGAAAA",0,0,0,0,0,0,0,0,0,0,0,0,0,0,0,0,0,0,0,0,21,0,0
"ATGATACGGCGACCACCGAGATCTACACTGACGACATGGTTCTACACAGCAGCCGCGGTAATTCTTACACGTATCGGAGCGCAGGGATTAGATACCCCCGTAAGACCAAGTCTCTGCTACCGTAAGAGTCGCGTATCTCGTATGCCGTCTTCTGCTTGAA",0,0,0,20,0,0,0,0,0,0,0,0,0,0,0,0,0,0,0,0,0,0,0
"TACGGCGACCACCGAGATCTACACTGACGACATGGTTCTACACAGCAGCCGCGGTAAATTAGCAGAACTACACACCAGGGCCAGGGATTAGATACCCCCGTAAGACCAAGTCTCTGCTACCGTAACGATCACATATCTCGTATGCCGTCTTCTGCT",19,0,0,0,0,0,0,0,0,0,0,0,0,0,0,0,0,0,0,0,0,0,0
"GCGACCACCGAGATCTACACTGACGACATGGTTCTACACAGCAGCCGCGGTAAAACATAGGTCACGAGCATTATCCGGATTTATGGATTAGATACCCCGGTAAGACCAAGTCTCTGCTACCGTATAGACGTGCTATCTCGTATGCCGTCTTC",0,0,0,0,19,0,0,0,0,0,0,0,0,0,0,0,0,0,0,0,0,0,0
"GCGACCACCGAGATCTACACTGACGACATGGTTCTACACAGCAGCCGCGGTAAAACATAGGTCACGAGCATTATCCGGATTTATGGATTAGATACCCGAGTAAGACCAAGTCTCTGCTACCGTAGTACTCGCGAATCTCGTATGCCGTCTTT",0,0,0,0,0,0,0,0,0,0,0,0,19,0,0,0,0,0,0,0,0,0,0
"CTACACAGCAGCCGCGGTAAAGACTGGGGGAGGAGAGGGGGAGGGATTAGTACCTGGTTAAGGACTGAGGAAGGAGCGGGGGAGGGATTAGATACCCCCGTAAGACCAAGTCTCTGCTA",0,17,0,0,0,0,0,0,0,0,0,0,0,0,0,0,0,0,0,0,0,0,0
"GCGGTAACACTTCCTGATCTTACACTTCTTCCTCTGTACAGTCTCGGGACACGAGTCCCCTCCGAACTGAGGCTCCAGCTTCACCATGCGTGTCCTGATCATGTGACCTTTACCACAGGATTAGATA",0,0,17,0,0,0,0,0,0,0,0,0,0,0,0,0,0,0,0,0,0,0,0
"ATGATACGGCGACCACCGAGATCTACACTGACGACATGGTTCTACACAGCCGCCGCGGTAATTCTTACACGTATCGGAGCGCAGGGATTAGATACCCCCGTAAGACCAAGTCTCTGCTACCGTAAGAGTCGCGTATCTCGTATGCCGTCTTCTGCTTGAA",0,0,0,17,0,0,0,0,0,0,0,0,0,0,0,0,0,0,0,0,0,0,0
"ATGATACGGCGACCACCGAGATCTACACTGACGACATGGTTCTACACAGCAGCCGCGGTAATACTTTGGCCCGCTCAAGGTATTGGATTAGATACCCCCGTAAGACCAAGTCTCTGCTACCGTATCTACGACATATCTCGTATGCCGTCTTCTGCTTGAA",0,0,16,0,0,0,0,0,0,0,0,0,0,0,0,0,0,0,0,0,0,0,0
"GCGACCACCGAGATCTACACTGACGACATGGTTCTACACAGCAGCCGCGGTAAAACATAGGTCACGAGCATTATCCGGATTTATGGATTAGATACCCCCGTAAGACCAAGTCTCTGCTACCGTACATGATACGCATCTCGTATGCCGTCTTC",0,0,0,0,0,0,0,0,0,0,0,0,0,0,0,0,0,0,0,0,0,16,0
"TACGGCGACCACCGAGATCTACACTGACGACATGGTTCTACACAGCCGCCGCGGTAAATTAGCAGAACTACACACCAGGGCCAGGGATTAGATACCCCCGTAAGACCAAGTCTCTGCTACCGTAACGATCACATATCTCGTATGCCGTCTTCTGCT",14,0,0,0,0,0,0,0,0,0,0,0,0,0,0,0,0,0,0,0,0,0,0
"ATCATGGCTCAGCCACCTGCAGCGCCACGCCCAGTATGGAAGTAGGAGGAGGATGCTCCCTCATCACGCTGCACCACGCCTCCACCTCCTGCTCCTACTCCTACGG",0,0,0,0,0,0,0,12,0,0,0,0,0,0,0,0,0,0,0,0,0,0,0
"AATGATACGGCGACCACCGAGATCTACACTGACGACATGGTTCTACACAGCCGCCGCGGTAATAAAAAAGAAAAGAATTCATTCGGATTAGATACCCCCGTAAGACCAAGTCTCTGCTACCGTAACGATCACATATCTCGTATGCCGTCTTCTGCTTGAAA",10,0,0,0,0,0,0,0,0,0,0,0,0,0,0,0,0,0,0,0,0,0,0
"ATCTACACTGACGACATGGTTCTACACAGCAGCCGCGGTAACACCGCTTTTCCCCTCAGTCGTCCGATTCATTTTAGATGGCTGGGATTAGATACCCCCGTAAGACCAAGTCTCTGCTACCGTAACGTGCTCTGATCTCG",0,9,0,0,0,0,0,0,0,0,0,0,0,0,0,0,0,0,0,0,0,0,0
"GCGGTAATAACTATGAACAATAACTGATGGCCCTCTCTCCCTATCGCAACAGATAGTTCAGATGAAAGGTAACAGATTCGGTGGATTTACATTGATTCATGGATGCACAGAATGTCTGGATTAGATA",0,3,0,0,0,0,0,0,0,0,6,0,0,0,0,0,0,0,0,0,0,0,0
"GCCCCACAAGCACCCGAAGCCGCCGTCCGCCATGGCCGGTGAGCCTCGTGCTCCCGGGGTCCTCCACCTGCGCTCGTTGCCTTCGAGTGCCCCTGACGACCCCAGTAATCCGTAGATA",0,0,0,0,0,0,0,0,0,0,0,0,0,0,0,0,0,0,0,0,9,0,0
"ATCTACACTGACGACATGGTTCTACACAGCCGCCGCGGTAACACCGCTTTTCCCCTCAGTCGTCCGATTCATTTTAGATGGCTGGGATTAGATACCCCCGTAAGACCAAGTCTCTGCTACCGTAGATATATGTCATCTCG",0,0,0,0,0,0,0,0,0,0,8,0,0,0,0,0,0,0,0,0,0,0,0
"CTACACAGCAGCCGCGGTAAAGACTGGGGGAGGAGAGGGGGAGGGATTAGTACCTGGTTAAGGACTGAGGAAGGAGCGGGGGAGGGATTAGATACCCGTGTAAGACCAAGTCTCTGCTA",0,0,0,0,0,0,0,0,0,0,7,0,0,0,0,0,0,0,0,0,0,0,0
"GCGGTAAAGATTTGAGCCGAACCGCAGCGGTGAACAGCATTACGGCTAAAGCCTGTGTTCTTCTCAGTGGCCCATTTACTTGGCTGTACAACCCTCAGCATCCTCCCCAGCAAACAGGGATTAGATA",0,0,0,0,0,0,0,0,0,0,7,0,0,0,0,0,0,0,0,0,0,0,0
"GCGGTGGCCTGGTCAACTGGAGGGTATGACTCGTTCATCCCCTATCTGCTCGTTCATGTGATAGCCGTATATATGTTGTTCATAGATGTTTCGGTTCTATGTGTACGTGCTCACATGCTTAGGTATCAGTATGAGATGCATATCACATTTTCCATGTTTACTGTTTACTCGTGGATTAGATA",0,0,0,0,0,0,0,0,0,0,0,0,0,0,0,0,0,0,0,0,7,0,0
"TGTGGCGCTGATCGGGGGCGACTTCCCGGCCCGGGGACCCCCAGTGTGGCCTGGGAGGGGGGGAGTTTTGTACACGGGCCCGGCATCGCAAAAAAACCCCTCATCAAATTTGAAAGCGGTCCGGGAACGGAACTCTTTCAACTAACGCTATTATTGATACAGTTTCTGTACTA",0,0,0,0,0,0,0,0,0,0,0,0,0,0,0,0,0,0,0,0,0,0,7
"AGATCTACACTGACGACATGGTTCTACAAGAGTTTGATCATGGCTCAGAGACCTCCTTTATAAACATAGTTAATCAGTGGACTGACTCCTACGGGAGGCAGCAGACCAAGTCTCTGCTACCGTAAGCTCTGTGAATCTCGTA",0,0,0,0,0,0,0,6,0,0,0,0,0,0,0,0,0,0,0,0,0,0,0
"CCGAGATCTACACTGACGACATGGTTCTACACAGCCGCCGCGGTAACCTACCCTGCCAAATCCCATCCCAGGACAGCTTCACCAGGATTAGATACCCCCGTAAGACCAAGTCTCTGCTACCGTATAGTACTAGAATCTCGTATGC",0,0,0,0,0,0,0,0,0,6,0,0,0,0,0,0,0,0,0,0,0,0,0
"GCGGTAACGTCTGAGTGACAGGAGGAGAGGAGAGTTTAACTGCCACCCAGGGCTTAGAGCGTCATGTCTGTCAACTCTTAGAGCAGAGAAGAGTAACGTCCACACACTCTCTATTGCTCCAATGTAGCTGATGGATTAGATA",0,0,5,0,0,0,0,0,0,0,0,0,0,0,0,0,0,0,0,0,0,0,0
"TACACTGACGACATGGTTCTACACAGCAGCCGCGGTAACGAGCTTAATGAATTCAGACTCTAATCGATTGTCTCAGTGCTCGCTGGATTAGATACCCTAGTAAGACCAAGTCTCTGCTACCGTAAGAGTCGCGTATC",0,0,0,5,0,0,0,0,0,0,0,0,0,0,0,0,0,0,0,0,0,0,0
"CCGAGATCTACACTGACGACATGGTTCTACACAGCAGCCGCGGTAACCTACCCTGCCAAATCCCATCCCAGGACAGCTTCACCAGGATTAGATACCCCCGTAAGACCAAGTCTCTGCTACCGTATAGTACTAGAATCTCGTATGC",0,0,0,0,0,0,0,0,0,5,0,0,0,0,0,0,0,0,0,0,0,0,0
"GCACCATCATCATCGCCTTGCCATCTACCACCATTGCTTATCCGCCACCGCTCTGAATCCGTATCTATATACCACCACCAATCCGTAGCCAGATACCCTCGTAAGA",0,0,0,0,0,0,0,0,0,0,0,0,0,0,0,0,0,0,0,0,5,0,0
"GCGACATACACATATGACTTGCAGCGTGACCTAGCCAATAAAGCTGGTTAGACTAGATCAATCTACGAATCAAGGGGACGCGCCCCGGCGCGAGACAAAGGCTATGAAACCCGGCACCACGACCATTACTATACTCGGGATTAGATA",0,0,0,0,0,0,0,0,0,0,0,0,0,0,0,0,0,0,0,0,5,0,0
"TGACGACATGGTTCTACACAGCCGCCGCGGTAAACTGCACAGCCACCAGCGCAGCCAACAGCAACACAGAGGAGCCTGTGAGTTGGATTAGATACCCCCGTAAGACCAAGTCTCTGCTACCGTAACGTGCTC",0,4,0,0,0,0,0,0,0,0,0,0,0,0,0,0,0,0,0,0,0,0,0
"GCCGCCACGGCAACCACCCCGTCCATTTGTGCTACGACCAAGATGGCCGCCAACACTATTCCAGCTACCCCTCTTGCTGCCAAGGTGATGAGACCATAGACCAGTGATAGATA",0,0,0,0,0,0,0,0,0,0,0,0,0,0,0,0,0,0,0,0,4,0,0
"GCGTTCTGGATCATTTGTAGTGGTTTCACCACGCAAGCCGGCAGGCCCGTTAGGAGGGCGTTGCAGTAATCAAGGCGGGAATTCACCAAGGTTTGCACCAGCAGCTGGGTGGCATACTGGATTAGATA",0,0,0,0,0,0,0,0,0,0,0,0,0,0,0,0,0,0,0,0,4,0,0
"GCGATCCGCCGCGAGGCCAGCTTCTCGCCCAGAAACAGCGCGGCGCAGATCGTCACGATGATGGGGTTCAGAAAGCCGATGGCCGTCACCTCGGCCACGGTGATGCGCGACATCGCATAGAACCAAGCGACCACCGCCACCACGTGCAGCGCCCCACGCAGCGCGAACAGCCCCCAGATA",0,0,0,0,0,0,0,0,0,0,0,0,0,0,0,0,0,0,0,0,4,0,0
"GCCGCACCATCATCATCGCCCCTGCCATCTACCACCACCGCTTATCCGCCACCGATCTGTATCCATATACCATCACCAATCTCTATCCATATACCACCACCAATCCGTATCCATATACCACCACCGCTACCACATACCACCACCGCTGCCAGATA",0,0,0,0,0,0,0,0,0,0,0,0,0,0,0,0,0,0,0,0,4,0,0
"CCACATATTTTTTTTTTTTAATGATACGGCGACCACCGAGATCTACACTGACGACATGGTTCTACACAGCAGCCGCGGTAATACGGATTAGATACCCTAGTAAGACCAAGTCTCTGCTACCGTAGGATTAGATACCCCCGTAAGACCAAGTCTCTGCTACCGTAGATATATGTCATCTCG",0,0,0,0,0,0,0,0,0,0,3,0,0,0,0,0,0,0,0,0,0,0,0
"GATCTACACTGACGACATGGTTCTACACAGCCGCCGCGGAGCACCTTGTCCTCCTCAACCTTGGCCGCCGCATCAACCTGTGTCGGATTAGATACCCTCGTAAGACCAAGTCTCTGCTACCGTAGCAGCTGTCAATCTCGT",0,0,0,0,0,0,0,0,0,0,0,0,0,0,0,0,0,0,0,0,3,0,0
"GCGGGCGCTTGGGCACCACCATGTTCCGGCGTTGGGGGGAAAAGATACAATCTCGCGTCGTCCGATCCGGATCGTGCGGATGGGATTAGGTCTAGGGGTAACCAAATGTGAACCGTTGATCGGTGGATTGAGGGCTAGGATTAGATA",0,0,0,0,0,0,0,0,0,0,0,0,0,0,0,0,0,0,0,0,3,0,0
"GCCGAACCCCGTTGATGATGCTGGCTGCTTCACGTCTGTGGTCCGCGACTTCGAGGGCCAGCACGTCAAGGCCGCTGACAAGGCCATCATCAAACACCTGAAGGGCACCGGACGCCTCATAGTCGACTCACAGCTCACCCATAGATA",0,0,0,0,0,0,0,0,0,0,0,0,0,0,0,0,0,0,0,0,3,0,0
"TACACTGACGACATGGTTCTACACAGCAGCCGCGGCTGCAAGCCTCCAGTGTCGCCCTTACCCAAGCCAAGTGTCACCAGGTCCCTGATAGATACCCCCGTAAGACCAAGTCTCTGCTACCGTAGCAGCTGTCAATC",0,0,0,0,0,0,0,0,0,0,0,0,0,0,0,0,0,0,0,0,3,0,0
"ACCCTTGAGCCTAAGAGTTCCGACGCCATCACCCACATTGGAACCAAGGCTCGGGAGGTGCCTCCATGGTGGCATGCAGATCTTTGTGAAGACCAAGAACATACAAGACTAGATGAGAATCAGAAGATGAAGATCCTCGGCAAGATCCTTGCCGACGAAACCCACGATA",0,0,0,0,0,0,0,0,0,0,0,0,0,0,0,0,0,0,0,0,3,0,0
"TACACAGCAGCCGCGAGAGAGATAGAGAGAGGGAGAGGGAGGGACGGAGAGAGATGGGCCGCCGCCGCGAGAGGAAGCAGCCCTTTGTTAGATACCCCCGTAAGACCAAGTCTCTGCT",0,0,0,0,0,0,0,0,0,0,0,0,0,0,0,0,0,0,0,0,3,0,0
"ACATGGTTCTACACAGCCGCCAGACGTTGAACATCACTGATACATGCCAGTTTAGCCAGAGATGTAATAGCTTTGATCTTTTCCGGATTAGATACCCCCGTAAGACCAAGTCTCTGCTACCGTAGCA",0,0,0,0,0,0,0,0,0,0,0,0,0,0,0,0,0,0,0,0,2,0,0
"GCGAGACCTCCATTGTCAACATCTGCCGGTTTGCCCATGCAGCTTACCCACCAATCTCCATACCAAGGCCGCCCTGAGTTTCTTAGATGACACCTGCCAAACGCCCCTTTCCCCATAGATA",0,0,0,0,0,0,0,0,0,0,0,0,0,0,0,0,0,0,0,0,2,0,0
"GCCGCCGGTCCTATTCCACATCGGGATCCCTCCCGATCCATCTCCACCCAGCCAGATCGCAGCGGCTACCGCTCCTCCTCGATCCAGCCACCCAACCAGCCCCTTCAATCCACCACGCCGGCAGCCTCCCCGACTTGCTTCGCAGCAGCCGCTCGGGCACCAGGCCTCCGCTCCCCTAGATA",0,0,0,0,0,0,0,0,0,0,0,0,0,0,0,0,0,0,0,0,2,0,0
"GCCTGTCCGTCCGAAGATAGATCAGGTTTTCACCCTCGCCAGTACTCACTGCCACCGAACGCCACACCCTAGCGACCATGCCACCCACGCGGCCATGACCACCGGGCAGCACCGCGCCATGGGCTCTGCCCATGAGCACCGTGCCACCACCAGGGCCGCCGCCCCGGCATCCAAAACCTAGATA",0,0,0,0,0,0,0,0,0,0,0,0,0,0,0,0,0,0,0,0,2,0,0
"GCGGAACAAAAAGCGTAGACCGGAAGGATCCAACTCGCACACACACATATATAGACGAACGAAGACCGGATCCAGCGAATACACCAAAGACAAACCTGTGGTGGAGGGAGGTGTAGCCGACATACCTGTAACCCTAGATA",0,0,0,0,0,0,0,0,0,0,0,0,0,0,0,0,0,0,0,0,2,0,0
"GCGGGAGGAGTCCTCCCCCCTGCTTGAAGAAGACGCCATGGCCTCCTCGTCAAGCTGGGTTGTCTCTCGCAGGGCCAAGCCAAGCCTGCAGCGCCGTCGCCACACCCTAGATA",0,0,0,0,0,0,0,0,0,0,0,0,0,0,0,0,0,0,0,0,2,0,0
"GCCCCTAACCCTAGCCGTGACGGCGCCCACTCGCCGGCGCGCCCGCTCCAGCCCTCGTCCACCTCCACCTCATCCCTATAACCTGCGTAGCCGCGCTGGTAGGAACCCTAGTCCTACCAATTTGGTATTAGATA",0,0,0,0,0,0,0,0,0,0,0,0,0,0,0,0,0,0,0,0,2,0,0
"GCGGAACCCAAAGATCGGATCATCCGGGGCCTTGGACCAGACCTCACGCAGGTCGATGCGGGCATTGACCCGTTCGACCAGGTCACGGCTCTGGATGAACTTGTAGAGGATGTCGGTGTCGCTGGTCGAACTGGACGTGACCCCCACCAGATA",0,0,0,0,0,0,0,0,0,0,0,0,0,0,0,0,0,0,0,0,2,0,0
"GCCCCCTTGCTAACTGCAGCCGCCGCCGCGCGGGCTCATCGCTGGCGCAACCCCAGTGACCGTTGGGTCATGGGCGTGCCCCGTTGTGCTGGACGCGACCCGTAGATA",0,0,0,0,0,0,0,0,0,0,0,0,0,0,0,0,0,0,0,0,2,0,0
