"","domain","phylum","class","order","family","genus","species"
"GCAGTAGGGAATCTTCCGCAATGGGCGAAAGCCTGACGGAGCAACGCCGCGTGAGTGATGAAGGTCTTCGGATCGTAAAACTCTGTTATTAGGGAAGAACAAGTGCGTAGGTAACTATGCGCACCTTGACGGTACCTAATCAGAAAGCCACGGCTAACTACGTG","Bacteria","Firmicutes","Bacilli","Staphylococcales","Staphylococcaceae","Staphylococcus",NA
"GCAGGCGCGCAAATTACCCACTCCCGACTCGGGGAGGTAGTGACGAAAAATAACAATACAGGACTCTTTCGAGGCCCTGTAATTGGAATGAGTACACTTTAAATCCTTTAACGAGGATCCATTGGAGGGCAAGTCTGGTG","Eukaryota","Vertebrata","Chondrichthyes",NA,NA,NA,NA
"GCAGTGGGGAATATTGCACAATGGGGGAAACCCTGATGCAGCCATGCCGCGTGTGTGAAGAAGGCCTTCGGGTTGTAAAGCACTTTCAGCGAGGAGGAAAGGTTGGTAGCTAATAACTGCCAGCTGTGACGTTACTCGCAGAAGAAGCACCGGCTAACTCCGTG","Bacteria","Proteobacteria","Gammaproteobacteria","Aeromonadales","MB19",NA,NA
"GCAGTGGGGAATATTGGACAATGGGCGAAAGCCTGATCCAGCCATGCCGCGTGTGTGAAGAAGGTCTTCGGATTGTAAAGCACTTTAAGTTGGGAGGAAGGGCAGTAAGTTAATACCTTGCTGTTTTGACGTTACCGACAGAATAAGCACCGGCTAACTCTGTG","Bacteria","Proteobacteria","Gammaproteobacteria","Pseudomonadales","Pseudomonadaceae","Pseudomonas",NA
"GCAGTAGGGAATCTTCCGCAATGGGCGAAAGCCTGACGGAGCAACGCCGCGTGAGTGATGAAGGTCTTCGGATCGTAAAATTCTGTTATTAGGGAAGAACAAGTGCGTAGGTAACTATGCGCACCTTGACGGTACCTAATCAGAAAGCCACGGCTAACTACGTG","Bacteria","Firmicutes","Bacilli","Staphylococcales","Staphylococcaceae","Staphylococcus",NA
"GCAGTGGGGAATATTGGACAATGGGCGAAAGCCTGATCCAGCCATGCCGCGTGTGTGAAGAAGGTCTTCGGATTGTAAAGCACTTTAAGTTGGGAGGAAGGGCATTAACCTAATACGTTAGTGTTTTGACGTTACCGACAGAATAAGCACCGGCTAACTCTGTG","Bacteria","Proteobacteria","Gammaproteobacteria","Pseudomonadales","Pseudomonadaceae","Pseudomonas",NA
"GCAGTGGGGAATATTGGACAATGGGCGAAAGCCTGATCCAGCCATGCCGCGTGTGTGAAGAAGGTCTTCGGATTGTAAAGCACTTTAAGTTGGGAGGAAGGGCAGTAAGTTAATACCTTACTGTTTTGACGTTACCGACAGAATAAGCACCGGCTAACTCTGTG","Bacteria","Proteobacteria","Gammaproteobacteria","Pseudomonadales","Pseudomonadaceae","Pseudomonas",NA
"GCAGTAGGGAATCTTCCGCAATGGGCGAAAGCCTGACGGAGCAACGCCGCGTGAGTGATGAAGGGTTTCGGCTCGTAAAACTCTGTTATTAGGGAAGAACAAGTGCGTAGGTAACTATGCGCACCTTGACGGTACCTAATCAGAAAGCCACGGCTAACTACGTG","Bacteria","Firmicutes","Bacilli","Staphylococcales","Staphylococcaceae","Staphylococcus",NA
"GCAGTGGGGAATTTTCCGCAATGGGCGAAAGCCTGACGGAGCAATGCCGCGTGAAGGTAGAAGGCCTACGGGTCATGAACTTCTTTTCCCGGAGAAGAAGCAATGACGGTATCCGGGGAATAAGCATCGGCTAACTCTGTG","Bacteria","Cyanobacteria","Cyanobacteriia","Chloroplast",NA,NA,NA
"GCAGTGGGGAATTTTGGACAATGGGGGCAACCCTGATCCAGCAATGCCGCGTGTGTGAAGAAGGCCTTCGGGTTGTAAAGCACTTTTGTCCGGAAAGAAAACGTCGTGGTTAATACCCGTGGCGGCTGACGGTACCGGAAGAATAAGCACCGGCTAACTACGTG","Bacteria","Proteobacteria","Gammaproteobacteria","Burkholderiales","Burkholderiaceae","Burkholderia-Caballeronia-Paraburkholderia",NA
"GCAGCCGCGCAAATTACCCACTCCCGACTCGGGGAGGTAGTGACGAAAAATAACAATACAGGACTCTTTCGAGGCCCTGTAATTGGAATGAGTACACTTTAAATCCTTTAACGAGGATCCATTGGAGGGCAAGTCTGGTG","Eukaryota","Vertebrata","Amphibia",NA,NA,NA,NA
"GCAGTAGGGAATCTTCCGCAATGGGCGAAAGCCTGACGGAGCAACGCCGCGTGAGTGATGAAGGGTTTCGGCTCGTAAAACTCTGTTATTAGGGAAGAACAAATGTGTAAGTAACTGTGCACGTCTTGACGGTACCTAATCAGAAAGCCACGGCTAACTACGTG","Bacteria","Firmicutes","Bacilli","Staphylococcales","Staphylococcaceae","Staphylococcus",NA
"GCAGTGGGGAATATTGCACAATGGGGGAAACCTTGATGCAGCCATGCCGCGTGTGTGAAGAAGGCCTTCGGGTTGTAAAGCACTTTCAGCGAGGAGGAAAGGTTGGTAGCTAATAACTGCCAGCTGTGACGTTACTCGCAGAAGAAGCACCGGCTAACTCCGTG","Bacteria","Proteobacteria","Gammaproteobacteria","Aeromonadales","MB19",NA,NA
"GCAGTGGGGAATTTTGGACAATGGGGGCAACCCTGATCCAGCAATGCCGCGTGTGTGAAGAAGGCCTTCGGGTTGTAAAGCACTTTTGTCCGGAAAGAAAACGCCGTGGTTAATACCCGTGGCGGATGACGGTACCGGAAGAATAAGCACCGGCTAACTACGTG","Bacteria","Proteobacteria","Gammaproteobacteria","Burkholderiales","Burkholderiaceae","Burkholderia-Caballeronia-Paraburkholderia",NA
"GCAGTGGGGAATCTTGCGCAATGGGCGAAAGCCTGACGCAGCCATGCCGCGTGAATGATGAAGGTCTTAGGATTGTAAAATTCTTTCACCGGGGACGATAATGACGGTACCCGGAGAAGAAGCCCCGGCTAACTTCGTG","Bacteria","Proteobacteria","Alphaproteobacteria","Rhizobiales","Rhizobiaceae","Paenochrobactrum",NA
"GCAGTAGGGAATCTTTCACAATGGACGAAAGTCTGATGGAGCAATACCGCGTGGATGATGAAGGTTTTAAAGATTGTAAAATCCTTTTATAAGAGAAGAAAAAATAGAACAGGAAATGGTTCTATTCTGATGGTATCTTTTGAATAAGTAACGGCTAACTATGTG","Bacteria","Firmicutes","Bacilli","Mycoplasmatales","Mycoplasmataceae","Ureaplasma",NA
"GCAGTGGGGAATATTGCACAATGGGCGCAAGCCTGATGCAGCCATGCCGCGTGTGTGAAGAAGGCCTTCGGGTTGTAAAGCACTTTCAGCGAGGAGGAAAGGTTGGTAGCTAATAACTGCCAGCTGTGACGTTACTCGCAGAAGAAGCACCGGCTAACTCCGTG","Bacteria","Proteobacteria","Gammaproteobacteria","Enterobacterales","Enterobacteriaceae","Plesiomonas",NA
"GCAGTAGGGAATCTTCCGCAATGGGCGAAAGCCTGACGGAGCAACGCCGCGTGAGTGATGAAGGTCTTCGGATCGTAAAACTCTGTTATTAGGGAAGAACAAGTGCGTAGGTAACTATGCGCACCTTGACGGTACCTAATCACAAAGCCACGGCTAACTACGTG","Bacteria","Firmicutes","Bacilli","Staphylococcales","Staphylococcaceae","Staphylococcus",NA
"GCAGTAGGGAATCTTCCGCAATGGGCGAAAGCCTGACGGAGCAACGCCGCGTGAGTGATGAAGGTCTTCGGATCGTAAAACTCTGTTATTAGGGACGAACAAGTGCGTAGGTAACTATGCGCACCTTGACGGTACCTAATCAGAAAGCCACGGCTAACTACGTG","Bacteria","Firmicutes","Bacilli","Staphylococcales","Staphylococcaceae","Staphylococcus",NA
"GCAGTGGGGAATATTGGACAATGGGCGAAAGCCTGATCCAGCCATGCCGCGTGTGTGAAGAAGGTCTTCGGATTGTAAAGCACTTTAAGTTGGGAGGAAGGGCAGTAAGCTAATACCTTGCTGTTTTGACGTTACCGACAGAATAAGCACCGGCTAACTCTGTG","Bacteria","Proteobacteria","Gammaproteobacteria","Pseudomonadales","Pseudomonadaceae","Pseudomonas",NA
"GCAGTGGGGAATATTGGACAATGGGGGCAACCCTGATCCAGCCATGCCGCGTGAGTGATGAAGGCCCTAGGGTTGTAAAGCTCTTTTGTGCGGGAAGATAATGACGGTACCGCAAGAATAAGCCCCGGCTAACTTCGTG","Bacteria","Proteobacteria","Alphaproteobacteria","Rhizobiales","Xanthobacteraceae","Afipia",NA
"GCAGTGGGGAATATTGGACAATGGGCGCAAGCCTGATCCAGCCATGCCGCGTGAGTGATGAAGGTCTTCGGATCGTAAAACTCTGTTATTAGGGAAGAACAAGTGCGTAGGTAACTATGCGCACCTTGACGGTACCTAATCAGAAAGCCACGGCTAACTACGTG","Bacteria","Firmicutes","Bacilli","Staphylococcales","Staphylococcaceae","Staphylococcus",NA
"GCAGTAGGGAATTTTTCACAATGGGCGAAAGCCTGATGGAGCAATGCCGCGTGTTTGATGAAGGCCTTTGGGTTGTAAAAAACTGTTATATGGGAAGAAAAAAGTAAATAGGAAATGATTTACTATTGACGGTACCATATTAGAAAGCCACGGCTAACTACGTG","Bacteria","Firmicutes","Bacilli","RsaHf231",NA,NA,NA
"GCAGGCGCGCAAATTACCCACTCCCGACTCGGGGAGGTAGTGACGAAAAATAACAATACAGGACTCTTTCGAGGCCCTGTAATTGGAATGAGTACACTTTAAATCCTTTAACGAGGATCCATTGGAGGGCAAGTCTCGTG","Eukaryota","Vertebrata","Mammalia",NA,NA,NA,NA
"GCAGGCGCGCAAATTACCCACTCCCGACTCGGGGAGGTAGTGACGAAAAATAACAATACAGGACTCTTTCGAGGCCCTGTAATTGGAATGAGTACACTTTAAATCCTTTAACGAGGATCCATTGGAGGGCAAGTCGGGTG","Eukaryota","Vertebrata","Actinopterygii",NA,NA,NA,NA
"GCAGTGGGGAATTTTGGACAATGGGGGCAACCCTGATCCAGCAATGCCGCGTGTGTGAAGAAGGCCTTCGGGTTGTAAAGCACTTTCAGCGAGGAGGAAAGGTTGGTAGCTAATAACTGCCAGCTGTGACGTTACTCGCAGAAGAAGCACCGGCTAACTCCGTG","Bacteria","Proteobacteria","Gammaproteobacteria","Aeromonadales","MB19",NA,NA
"GCAGTAAGGAATATTGGACAATGGGCGAAAGCCTGATCCAGCCATGCCGCGTGAAGGATTAAGGTCCTCTGGATTGTAAACTTCTTTTATTTGGGACGAAAAAAGGGAATTCTTTCCCACTTGACGGTACCAAGTGAATAAGCACCGGCTAACTCCGTG","Bacteria","Bacteroidota","Bacteroidia","Chitinophagales","Chitinophagaceae","Sediminibacterium",NA
"GCAGTGGGGAATATTGGACAATGGGCGAAAGCCTGATCCAGCCATGCCGCGTGTGTGAAGAAGGTCTTCGGATTGTAAAGCACTTTAAGTTGGGAGGAAGGGCAGTTACCTAATACGTAATTGTTTTGACGTTACCGACAGAATAAGCACCGGCTAACTCTGTG","Bacteria","Proteobacteria","Gammaproteobacteria","Diplorickettsiales","Diplorickettsiaceae","Rickettsiella",NA
"GCAGTAGGGAATCTTCCGCAATGGACGAAAGTCTGACGGAGCAACGCCGCGTGAGTGATGAAGGTCTTCGGATCGTAAAACTCTGTTATTAGGGAAGAACAAGTGCGTAGGTAACTATGCGCACCTTGACGGTACCTAATCAGAAAGCCACGGCTAACTACGTG","Bacteria","Firmicutes","Bacilli","Staphylococcales","Staphylococcaceae","Staphylococcus",NA
"GCAGTGGGGAATATTGGACAATGGGCGCAAGCCTGATCCAGCCATGCCGCGTGAGTGATGAAGGCCCTAGGGTTGTAAAGCTCTTTTGTGCGGGAAGATAATGACGGTACCGCAAGAATAAGCCCCGGCTAACTTCGTG","Bacteria","Proteobacteria","Alphaproteobacteria","Rhizobiales","Xanthobacteraceae","Rhodopseudomonas",NA
"GCAGTAGGGAATCTTCGGCAATGGGGGCAACCCTGACCGAGCAACGCCGCGTGAGTGATGAAGGTCTTCGGATCGTAAAACTCTGTTATTAGGGAAGAACAAGTGCGTAGGTAACTATGCGCACCTTGACGGTACCTAATCAGAAAGCCACGGCTAACTACGTG","Bacteria","Firmicutes","Bacilli","Staphylococcales","Staphylococcaceae","Staphylococcus",NA
"GCAGTGGGGAATATTGCACAATGGGCGAAAGCCTGATGCAGCGACGCCGCGTGAGGGATGACGGCCTTCGGGTTGTAAACCTCTTTCGACAGGGACGAAGCGCAAGTGACGGTACCTGTAGAAGAAGCACCGGCCAACTACGTG","Bacteria","Actinobacteriota","Actinobacteria","Corynebacteriales","Nocardiaceae","Nocardia",NA
"GCAGTAGGGAATCTTCCGCAATGGGCGAAAGCCTGACGGAGCAACGCCGCGTGAGTGATGAAGGTCTTCGGATCGTAAAACTCTGTTATTAGGGAAGAACAAACGTGTAAGTAACTGTGCACGTCTTGACGGTACCTAATCAGAAAGCCACGGCTAACTACGTG","Bacteria","Firmicutes","Bacilli","Staphylococcales","Staphylococcaceae","Staphylococcus",NA
"GCAGTAGGGAATTTTTCGCAATGGACGAAAGTCTGACGGAGCAATGCCGCGTGAAGGATGAAGGTTTTCGGATCGTAAACTTCTGTTGTAAGGGAAGAACACTTAGTGTAGGAAATGGCACTAAGCTGACGGTACCTTACCAGAAAGCCACGGCTAACTACGTG","Bacteria","Firmicutes","Bacilli","Entomoplasmatales","Entomoplasmataceae","Mesoplasma",NA
"GCAGTAGGGAATATTGGACAATGGGCGAAAGCCTGATCCAGCAATGCCGCGTGAGTGATGAAGGCCTTAGGGTTGTAAAGCTCTTTTACCCGGGATGATAATGACAGTACCGGGAGAATAAGCTCCGGCTAACTCCGTG","Bacteria","Proteobacteria","Alphaproteobacteria","Sphingomonadales","Sphingomonadaceae","Sphingobium",NA
"GCAGTGGGGAATATTGGACAATGGGCGCAAGCCTGATCCAGCCATGCCGCGTGTGTGAAGAAGGCCTTTTGGTTGTAAAGCACTTTAAGCGAGGAGGAGGCTACTTGGATTAATACTCTAGGATAGTGGACGTTACTCGCAGAATAAGCACCGGCTAACTCTGTG","Bacteria","Proteobacteria","Gammaproteobacteria","Pseudomonadales","Moraxellaceae","Acinetobacter",NA
"GCAGTGGGGAATATTGCACAATGGGGGAAACCCTGATGCAGCCATGCCGCGTGTGTGAAGAAGGCCTTCGGGTTGTAAAGCACTTTCAGTCAGGAGGAAAGGTGGCTAGCTAATATCTAGTTGCTGTGACGTTACTGACAGAAGAAGCACCGGCTAACTCCGTG","Bacteria","Proteobacteria","Gammaproteobacteria","Aeromonadales","Aeromonadaceae","Aeromonas",NA
"GCAGTAGGGAATCTTCGGCAATGGGGGCAACCCTGACCGAGCAACGCCGCGTGAGTGAAGAAGGTTTTCGGATCGTAAAGCTCTGTTGTAAGTCAAGAACGGGTGTGAGAGTGGAAAATTCACACTGTGACGGTAGCTTACCAGAAAGGGACGGCTAACTACGTG","Bacteria","Firmicutes","Bacilli","Lactobacillales","Streptococcaceae","Lactococcus",NA
"GCAGTGGGGAATATTGCACAATGGGCGGAAGCCTGATGCAGCAACGCCGCGTGCGGGATGACGGCCTTCGGGTTGTAAACCGCTTTCGCCTGTGACGAAGCGTGAGTGACGGTAATGGGTAAAGAAGCACCGGCTAACTACGTG","Bacteria","Actinobacteriota","Actinobacteria","Propionibacteriales","Propionibacteriaceae","Cutibacterium",NA
"GCAGGCGGGCAGATTACCCACTCCCGACTCGGGGAGGTAGTGACGAAAAATAACAATACAGGACTCTTTCGAGGCCCTGTAATTGGAATGAGTACACTTTAAATCCTTTAACGAGGATCCATTGGAGGGCAAGTCTGGTG","Eukaryota","Vertebrata","Cephalaspidomorphi","Petromyzontiformes",NA,NA,NA
"GCAGTGGGGAATATTGGACAATGGGCGAAAGCCTGATCCAGCAATGCCGCGTGAGTGATGAAGGCCTTAGGGTTGTAAAGCTCTTTTACCCGGGATGATAATGACAGTACCGGGAGAATAAGCTCCGGCTAACTCCGTG","Bacteria","Proteobacteria","Alphaproteobacteria","Sphingomonadales","Sphingomonadaceae","Erythrobacter",NA
"GCAGTGGGGAATATTGCACAATGGGCGCAAGCCTGATGCAGCAACGCCGCGTGAGGGATGACGGCCTTCGGGTTGTAAACCTCTTTTAGTAGGGAAGAAGCGAAAGTGACGGTACCTGCAGAAAAAGCACCGGCTAACTACGTG","Bacteria","Actinobacteriota","Actinobacteria","Micrococcales","Microbacteriaceae","Marisediminicola",NA
"GCAGTGGGGAATATTGGACAATGGGCGAAAGCCTGATCCAGCAATGCCGCGTGAGTGATGAAGGCCCTAGGGTTGTAAAGCTCTTTTACCCGGGATGATAATGACAGTACCGGGAGAATAAGCCCCGGCTAACTCCGTG","Bacteria","Proteobacteria","Alphaproteobacteria","Sphingomonadales","Sphingomonadaceae","MN 122.2a",NA
"GCAGTGGGGAATATTGCACAATGGGGGAAACCCTGATGCAGCCATGCCGCGTGTGTGAAGAAGGCCTTCGGGTTGTAAAGCACTTTCAGCGAGGAGGAAAGGTTGATGCCTAATACGTATCAGCTGTGACGTTACTCGCAGAAGAAGCACCGGCTAACTCCGTG","Bacteria","Proteobacteria","Gammaproteobacteria","Aeromonadales","Aeromonadaceae","Aeromonas",NA
"GCAGTGGGGAATATTGCACAATGGGGGAAACCCTGATGCAGCCATGCCGCGTGTGTGAAGAAGGCCTTCGGGTTGTAAAGCACTTTCAGCGAGGAGGAAAGGTTGTTGGCTAATATCCAGCAACTGTGACGTTACTCGCAGAAGAAGCACCGGCTAACTCCGTG","Bacteria","Proteobacteria","Gammaproteobacteria","Aeromonadales","Aeromonadaceae","Aeromonas",NA
"GCAGTAAGGAATATTGGACAATGGGCGAAAGCCTGATCCAGCCATGCCGCGTGAAGGATTAAGGTCCTCTGGATTGTAAACTTCTTTTATAAGGGACGAAAAAAGGGAATTCTTTCTCACTTGACGGTACCTTATGAATAAGCACCGGCTAACTCCGTG","Bacteria","Bacteroidota","Bacteroidia","Chitinophagales","Chitinophagaceae","Sediminibacterium",NA
"GCAGTGGGGAATTTTGGACAATGGGGGAAACCCTGATCCAGCCATCCCGCGTGTGCGATGAAGGCCTTCGGGTTGTAAAGCACTTTTGGCAGGAAAGAAACGTCATGGGCTAATACCCCGTGAAACTGACGGTACCTGCAGAATAAGCACCGGCTAACTACGTG","Bacteria","Proteobacteria","Gammaproteobacteria","Burkholderiales","Alcaligenaceae","Achromobacter",NA
"GCAGTGGGGAATATTGGACAATGGGCGAAAGCCTGATCCAGCCATGCCGCGTGTGTGAAGAAGGTCTTCGGATTGTAAAGCACTTTAAGTTGGGAGGAAGGGTTGTAGATTAATACTCTGCAATTTTGACGTTACCGACAGAATAAGCACCGGCTAACTCTGTG","Bacteria","Proteobacteria","Gammaproteobacteria","Pseudomonadales","Pseudomonadaceae","Pseudomonas",NA
"GCAGTGGGGAATCTTGGACAATGGGCGCAAGCCTGATCCAGCAATGCCGCGTGGGTGAAGAAGGCCTTCGGGTTGTAAAGCCCTTTCGGCGGGGAAGAAATCGGTCAGGCGAATAGTCTGGCCGGATGACGGTACCCGCAGAAGAAGCACCGGCTAACTACGTG","Bacteria","Proteobacteria","Gammaproteobacteria","Burkholderiales","Hydrogenophilaceae","Tepidiphilus",NA
"GCAGTAGGGAATCTTCCGCAATGGGCGAAAGCCTGACGGAGCAACGCCGCGTGAGTGAAGAAGGTTTTCGGATCGTAAAGCTCTGTTGTAAGTCAAGAACGGGTGTGAGAGTGGAAAATTCACACTGTGACGGTAGCTTACCAGAAAGGGACGGCTAACTACGTG","Bacteria","Firmicutes","Bacilli","Lactobacillales","Streptococcaceae","Lactococcus",NA
"GCAGTGGGGAATCTTGGACAATGGGCGAAAGCCCGATCCAGCAATATCGCGTGAGTGAAGAAGGGCAATGCCGCTTGTAAAGCTCTTTCGTCGAGTGCGCGATCATGACAGGACTCGAGGAAGAAGCCCCGGCTAACTCCGTG","Bacteria","Proteobacteria","Alphaproteobacteria","Rickettsiales","Mitochondria",NA,NA
"GCAGTGGGGAATATTGCACAATGGGCGCAAGCCTGATGCAGCCATGCCGCGTGTGTGAAGAAGGCCTTCGGGTTGTAAAGCACTTTCAGTAAGGAGGAAAGGTTAAGTGTTAATAGCACTTAGCTGTGACGTTACTTACAGAAGAAGCACCGGCTAACTCCGTG","Bacteria","Proteobacteria","Gammaproteobacteria","Alteromonadales","Pseudoalteromonadaceae","Pseudoalteromonas",NA
"GCAGTAGGGAATCTTCCACAATGGACGCAAGTCTGATGGAGCAACGCCGCGTGAGTGATGAAGGTCTTCGGATCGTAAAACTCTGTTATTAGGGAAGAACAAGTGCGTAGGTAACTATGCGCACCTTGACGGTACCTAATCAGAAAGCCACGGCTAACTACGTG","Bacteria","Firmicutes","Bacilli","Staphylococcales","Staphylococcaceae","Staphylococcus",NA
"TTTTTTTAATGATACGGCGACCACCGAGATCTACACGAGCCTTATCGTCGGCAGCGTCAGATGTGTAAGAGACAGACTCCTACGGGAGGCAGCAGCAGTGGTGGATTTGGGTCTGGTGCCAGCAGCCGCGGTAACGTCTCTTATACACATCTCCGAGCCCACGAGACATGCGCAGATC","Eukaryota","Bryozoa","Gymnolaemata","Cheilostomatida",NA,NA,NA
"GCAGTGGGGAATATTGCACAATGGGCGCAAGCCTGATGCAGCCATGCCGCGTGTGTGAAGAAGGCCTTCGGGTTGTAAAGCACTTTCAGCGGGGAGGAAGGGTCACTAGTTAATACCTAGTGGCATTGACGTTACTCGCAGAAGAAGCACCGGCTAACTCCGTG","Bacteria","Proteobacteria","Gammaproteobacteria","Enterobacterales","Enterobacteriaceae","Plesiomonas",NA
"GCAGTGGGGAATATTGGACAATGGGCGCAAGCCTGATCCAGCCATGCCGCGTGAGTGATGAAGGCCTTCGGGTTGTAAAGCTCTTTCGCACACGACGATGATGACGGTAGTGTGAGAAGAAGCCCCGGCTAACTTCGTG","Bacteria","Proteobacteria","Alphaproteobacteria","Azospirillales","Azospirillaceae","Niveispirillum",NA
"GCAGTGGGGAATATTGCACAATGGGGGAAACCCTGATGCAGCCATGCCGCGTGTGTGAAGAAGGCCTTCGGGTTGTAAAGCACTTTCAGCGGGGAGGAAGGGTCACTAGTTAATACCTAGTGGCATTGACGTTACTCGCAGAAGAAGCACCGGCTAACTCCGTG","Bacteria","Proteobacteria","Gammaproteobacteria","Enterobacterales","Enterobacteriaceae","Plesiomonas",NA
"GCAGTGGGGAATATTGCACAATGGGCGCAAGCCTGATGCAGCCATGCCGCGTGTATGAAGAAGGCCTTCGGGTTGTAAAGTACTTTCAGCGAGGAGGAAGGGGGAATGGTTAATAACCATTTTCATTGACGTTACTCGCAGAAGAAGCACCGGCTAACTCCGTG","Bacteria","Proteobacteria","Gammaproteobacteria","Enterobacterales","Enterobacteriaceae","Citrobacter",NA
"GCAGTGGGGAATATTGCACAATGGGGGAAACCCTGATGCAGCCATGCCGCGTGTGTGAAGAAGGCCTTCGGGTTGTAAAGCACTTTCAGTAGGGAGGAAAGGGTGAGTCTTAATACGGCTCATCTGTGACGTTACCTACAGAAGAAGGACCGGCTAACTCCGTG","Bacteria","Proteobacteria","Gammaproteobacteria","Alteromonadales","Shewanellaceae","Shewanella",NA
"GCAGTGGGGAATATTGCACAATGGGCGCAAGCCTGATGCAGCGACGCCGCGTGGGGGATGACGGCCTTCGGGTTGTAAAGCACTTTCAGCGAGGAGGAAAGGTTGGTAGCTAATAACTGCCAGCTGTGACGTTACTCGCAGAAGAAGCACCGGCTAACTCCGTG","Bacteria","Proteobacteria","Gammaproteobacteria","Enterobacterales","Enterobacteriaceae","Plesiomonas",NA
"GCAGTGGGGAATATTGCACAATGGGCGCAAGCCTGATGCAGCAACGCCGCGTGAGGGACGACGGCCTTCGGGTTGTAAACCTCTTTTAGTAGGGAAGAAGCGAAAGTGACGGTACCTGCAGAAAAAGCACCGGCTAACTACGTG","Bacteria","Actinobacteriota","Actinobacteria","Micrococcales","Microbacteriaceae","Diaminobutyricimonas",NA
"GCAGTGGGGAATATTGCACAATGGGCGCAAGCCTGATGCAGCGACGCCGCGTGGGGGATGACGGCCTTCGGGTTGTAAACCTCTTTCGACAGGGACGAAGCTTTTGTGACGGTACCTGTATAAGAAGCACCGGCTAACTACGTG","Bacteria","Actinobacteriota","Actinobacteria","Corynebacteriales","Corynebacteriaceae","Corynebacterium",NA
"GCAGTGGGGAATCTTGGACAATGGGCGCAAGCCTGATCCAGCAATGCCGCGTGGGTGAAGAAGGCCTTCGGGTTGTAAAGCCCTTTCGGCAGGGAAGAAATCGGCGGGGCGAATAACCCTGCTGGATGACGGTACCTGCAGAAGAAGCACCGGCTAACTACGTG","Bacteria","Proteobacteria","Gammaproteobacteria","Burkholderiales","Hydrogenophilaceae","Hydrogenophilus",NA
"GCAGTGGGGAATATTGGACAATGGGCGAAAGCCTGATCCAGCCATGCCGCGTGTGTGAAGAAGGTCTTCGGATTGTAAAGCACTTTAAGTTGGGAGGAAGGGCAGTAAGTTAATACCTTGCTGTTTTGACGTTACCAACAGAATAAGCACCGGCTAACTTCGTG","Bacteria","Proteobacteria","Gammaproteobacteria","Pseudomonadales","Pseudomonadaceae","Pseudomonas",NA
"GCAGTGGGGAATATTGGACAATGGGCGAAAGCCTGATCCAGCCATGCCGCGTGTGTGAAGAAGGTCTTCGGATTGTAAAGCACTTTAAGCCGGGAGGAAGGGCTGTAGGCGAATACCCTGCAGTCTTGACGTTACCGGCAGAATAAGCACCGGCTAACTTCGTG","Bacteria","Proteobacteria","Gammaproteobacteria","Pseudomonadales","Pseudomonadaceae","Azotobacter",NA
"GCAGTGGGGAATATTGGACAATGGGCGCAAGCCTGATCCAGCCATGCCGCGTGTGTGAAGAAGGCCTTTTGGTTGTAAAGCACTTTAAGCGAGGAGGAGGCTACCGAGATTAATACTCTTGGATAGTGGACGTTACTCGCAGAATAAGCACCGGCTAACTCTGTG","Bacteria","Proteobacteria","Gammaproteobacteria","Pseudomonadales","Moraxellaceae","Enhydrobacter",NA
"CGTCGGCAGCGTCAGATGTGATAAGAGACAGACCCCTACGGGAGGCAGCAGTGATAGACATTAAGCCATAAGTGAGAACTTGACTTAGTTAAAGCTTAGAGGGCCGGTAAAACTCGTGCCAGCAGCCGCGGTAA","Bacteria","Thermotogota","Thermotogae","Petrotogales","Petrotogaceae","Oceanotoga",NA
"GCAGTAGGGAATCTTCCGCAATGGGCGAAAGCCTGACGGAGCAACGCCGCGTGAGTGATGAAGGTCTTCGGATCGTAAAACTCTGTTATTAGGGAAGAACAAATGTGTAAGTAACTATGCACGTCTTGACGGTACCTAATCAGAAAGCCACGGCTAACTACGTG","Bacteria","Firmicutes","Bacilli","Staphylococcales","Staphylococcaceae","Staphylococcus",NA
"GCAGTGGGGAATATTGCACAATGGGGGAAACCCTGATGCAGCCATGCCGCGTGTGTGAAGAAGGCCTTCGGGTTGTAAAGCACTTTCAGCGAGGAGGAAAGGTGGTTGGCTAATACCCAATCGCTGTGACGTTACTCGCAGAAGAAGCACCGGCTAACTCCGTG","Bacteria","Proteobacteria","Gammaproteobacteria","Aeromonadales","Aeromonadaceae","Aeromonas",NA
"GCAGTGGGGAATATTGCACAATGGGCGCAAGCCTGATGCAGCCATGCCGCGTGTATGAAGAAGGCCTTCGGGTTGTAAAGTACTTTCAGTGGGGAGGAAGGCGATGGAGTTAATAGCTTCGTCGATTGACGTTACCCGCAGAAGAAGCACCGGCTAACTCCGTG","Bacteria","Proteobacteria","Gammaproteobacteria","Enterobacterales","Erwiniaceae","Erwinia",NA
"GCAGTGGGGAATATTGGACAATGGGGGCAACCCTGATCCAGCCATGCCGCGTGTGTGAAGAAGGCCTTAGGGTTGTAAAACACTTTCAGCGGGGAAGATGATGACGGTACCCGCAGAAGAAGCCCCGGCTAACTCCGTG","Bacteria","Proteobacteria","Gammaproteobacteria","CCD24",NA,NA,NA
"GCAGTGGGGAATTTTCCGCAATGGGCGAAAGCCTGACGGAGCAATGCCGCGTGGAGGTAGAAGGCCCACGGGTCCTGAACTTCTTTTCTCGGAGAAGAAACAATGACGGTATCTGAGGAATAAGCATCGGCTAACTCTGTG","Bacteria","Cyanobacteria","Cyanobacteriia","Chloroplast",NA,NA,NA
"GCAGTAGGGAATCTTCCACAATGGACGCAAGTCTGATGGAGCAACGCCGCGTGAGTGAAGAAGGTCTTCGGATCGTAAAGCTCTGTTGTTGGTGAAGAAGGATAGAGGCAGTAACTGGTCTTTATTTGACGGTAATCAACCAGAAAGTCACGGCTAACTACGTG","Bacteria","Firmicutes","Bacilli","Lactobacillales","Lactobacillaceae","Lactobacillus",NA
"GCAGTAGGGAATCTTCGGCAATGGACGCAAGTCTGACCGAGCAACGCCGCGTGAGTGAAGAAGGTTTTCGGATCGTAAAACTCTGTTGTTAGAGAAGAACAAGGATGAGAGTAGAAAGTTCATCCCTTGACGGTATCTAACCAGAAAGCCACGGCTAACTACGTG","Bacteria","Firmicutes","Bacilli","Lactobacillales","Enterococcaceae","Enterococcus",NA
"GCAGTGGGGAATATTGGACAATGGGGGGAACCCTGATCCAGCCATGCCGCGTGTGTGAAGAAGGCCTTTTGGTTGTAAAGCACTTTAAGCGAGGAGGAGGCTACCTAGATTAATACTTTAGGATAGTGGACGTTACTCGCAGAATAAGCACCGGCTAACTCTGTG","Bacteria","Proteobacteria","Gammaproteobacteria","Pseudomonadales","Moraxellaceae","Acinetobacter",NA
"GCAGTGGGGAATTTTGGACAATGGGCGCAAGCCTGATCCAGCAATGCCGCGTGAGTGAAGAAGGCCTTCGGGTTGTAAAGCTCTTTTGTCAGGGAAGAAACGGTAGAGGCTAATATCCTTTGCTAATGACGGTACCTGAAGAATAAGCACCGGCTAACTACGTG","Bacteria","Proteobacteria","Gammaproteobacteria","Burkholderiales","Oxalobacteraceae","Massilia",NA
"GCAGTGGGGAATATTGGACAATGGGCCACAAGCCTGATCCAGCAATTCTGTGTGCACGATGAAGGTCTTCGGATTGTAAAGTGCTTTCAGTTGGGAAGAAGAAAGTGACGGTACCAACAGAAGAAGCGACGGCTAAATACGTG","Bacteria","Fusobacteriota","Fusobacteriia","Fusobacteriales","Fusobacteriaceae","Cetobacterium",NA
"GCAGTAGGGAATCTTCGGCAATGGACGCAAGTCTGACCGAGCAACGCCGCGTGAGTGAAGAAGGTTTTCGGATCGTAAAACTCTGTTATTAGGGAAGAACAAGTGCGTAGGTAACTATGCGCACCTTGACGGTACCTAATCAGAAAGCCACGGCTAACTACGTG","Bacteria","Firmicutes","Bacilli","Staphylococcales","Staphylococcaceae","Staphylococcus",NA
"GCAGTGGGGAATATTGCGCAATGGGGGAAACCCTGACGCAGCAACGCCGCGTGAGTGATGAAGGTTTTCGGATCGTAAAACTCTGTCATTAGGGACGATAATGACGGTACCTAATGAGGAAGCCACGGCTAACTACGTG","Bacteria","Firmicutes","Clostridia","Clostridiales","Clostridiaceae","Clostridium sensu stricto 7",NA
"GCAGTGGGGAATTTTGGACAATGGGCGCAAGCCTGATCCAGCCATGCCGCGTGCGGGAAGAAGGCCTTCGGGTTGTAAACCGCTTTTGTCAGGGAAGAAACGCTCTGGGCTAATACCCCGGGGTAATGACGGTACCTGAAGAATAAGCACCGGCTAACTACGTG","Bacteria","Proteobacteria","Gammaproteobacteria","Burkholderiales","Comamonadaceae","Leptothrix",NA
"GCAGCCAGGAATCTTGCGCAATGGGCGAAAGCCTGACGCAGCAACGCCGCGTGGGCGATGAAGGCCTTCGGGTCGTAAAGCCCTGTTGTCGGGGACGAAGGGCGAAGGGTTAATAGCCCCTAGCCTGACGGTACCCGACGAGGAAGCCCCGGCTAACTACGTG","Bacteria","Actinobacteriota","Rubrobacteria","Rubrobacterales","Rubrobacteriaceae","Rubrobacter",NA
"GCAGTGGGGAATCTTGCACAATGGGGGCAACCCTGATGCAGCGACGCCGCGTGAGCGATGAAGCCCTTCGGGGTGTAAAGCTCTTTCGACGGGAACGATAATGACGGTACCCGGAGAAGAAGCTGCGGCTAACTACGTG","Bacteria","Acidobacteriota","Acidobacteriae",NA,NA,"Paludibaculum",NA
"GCAGTGGGGAATATTGGACAATGGGCGAAAGCCTGATCCAGCAATGCCGCGTGTGTGAAGAAGGCCTTCGGGTTGTAAAGCACTTTTGTCCGGAAAGAAATGGCTCTGGTTAATACCTGGGGTCGATGACGGTACCGGAAGAATAAGGACCGGCTAACTACGTG","Bacteria","Proteobacteria","Gammaproteobacteria","Burkholderiales","Burkholderiaceae","Ralstonia",NA
"GCAGTGGGGAATATTGCACAATGGGCGCAAGCCTGATGCAGCCATGCCGCGTGTGTGAAGAAGGCCTTCGGGTTGTAAAGCACTTTCAGTCGTGAGGAAGGTAGTGTAGTTAATAGCTGCATTATTTGACGTTAGCGACAGAAGAAGCACCGGCTAACTCCGTG","Bacteria","Proteobacteria","Gammaproteobacteria","Vibrionales","Vibrionaceae","Catenococcus",NA
"GCAGTGGGGAATATTGGACAATGGGCGAAAGCCTGATCCAGCCATGCCGCATGAGTGAAGAAGGCCTTTGGGTTGTAAAGCTCTTTCAGTGAGGAAGATAATGACGGTACTCACAGAAGAAGTCCTGGCTAACTCCGTG","Bacteria","Proteobacteria","Alphaproteobacteria","Rickettsiales","Anaplasmataceae","Wolbachia",NA
"GCAGTGGGGAATTTTGGACAATGGGCGCAAGCCTGATCCAGCCATGCCGCGTGCGGGAAGAAGGCCTTCGGGTTGTAAACCGCTTTTGTCAGGGAAGAAAAGGTTCTGGCTAATACCTGGGACTCATGACGGTACCTGAAGAATAAGCACCGGCTAACTACGTG","Bacteria","Proteobacteria","Gammaproteobacteria","Burkholderiales","Comamonadaceae","Pelomonas",NA
"GCAGTGGGGAATCTTAGACAATGGGCGCAAGCCTGATCTAGCCATGCCGCGTGAGCGATGAAGGCCTTAGGGTTGTAAAGCTCTTTCAGTGGGGAAGATAATGACTGTACCCACAGAAGAAGCCCCGGCTAACTCCGTG","Bacteria","Proteobacteria","Alphaproteobacteria","Rhodobacterales","Rhodobacteraceae","Rhodobacter",NA
"GCAGTAGGGAATTTTCCACAATGGGCGAAAGCCTGATGGAGCAATGCCGCGTGATGGAAGACGGTTTTCGGATTGTAAACATCTGTTGTAAGGGAAGAACACTAATAATAGGAAATGATTAATAGCTGACGTTACCTTACCAGAAAGCACCGGCTAACTACGTG","Bacteria","Firmicutes","Bacilli","Entomoplasmatales","Spiroplasmataceae","Spiroplasma",NA
"GCAGTGGGGAATATTGGACAATGGGCGCAAGCCTGATCCAGCCATACCGCGTGGGTGAAGAAGGCCTTCGGGTTGTAAAGCCCTTTTGTTGGGAAAGAAATCCAGCTGGTTAATACCCGGTTGGGATGACGGTACCCAAAGAATAAGCACCGGCTAACTTCGTG","Bacteria","Proteobacteria","Gammaproteobacteria","Xanthomonadales","Xanthomonadaceae","Stenotrophomonas",NA
"GCAGTGGGGAATATTGCACAATGGGGGAAACCCTGATGCAGCCATGCCGCGTGTGTGAAGAAGGCCTTCGGGTTGTAAAGCACTTTCAGCGAGGAGGAAAGGTTGATGCCTAATACGTATCAACTGTGACGTTACTCGCAGAAGAAGCACCGGCTAACTCCGTG","Bacteria","Proteobacteria","Gammaproteobacteria","Aeromonadales","Aeromonadaceae","Aeromonas",NA
"CCTACGGGAGGCAGCAGGCACTTGTGGTGCAGGATTAGAAATGACAAGGACATGGCTGCCTGGACCCAAACCCTGGGGTGGGACCACAAAGCGTGTATTGTTAAGGAGGATCTGTGTG","Bacteria","Patescibacteria","Parcubacteria","Candidatus Azambacteria",NA,NA,NA
"GCAGTAGGGAATCTTCCACAATGGGCGCAAGCCTGATGGAGCAACACCGCGTGAGTGAAGAAGGGTTTCGGCTCGTAAAGCTCTGTTGTTAGAGAAGAACGTGCGTGAGAGCAACTGTTCACGCAGTGACGGTATCTAACCAGAAAGTCACGGCTAACTACGTG","Bacteria","Firmicutes","Bacilli","Lactobacillales","Lactobacillaceae","Lactobacillus",NA
"CGGGGGGCAGCAGTGTGTTTAGAGGGTGTGGGAGCAGCGAGCAGGCCTTTCCCACTCAAATGTCCCAACTAAATTCACCCTAGTTAGCACAGGGATAATTGCTGACGAGCTCACTGTG","Bacteria","Aerophobota","Aerophobia","Aerophobales",NA,NA,NA
"GCAGTGGGGAATATTGCGCAATGGGGGAAACCCTGACGCAGCAACGCCGCGTGGGTGATGAAGGTCTTCGGATTGTAAAGCCCTGTTTTCTGGGACGATAATGACGGTACCAGAGGAGGAAGCCACGGCTAACTACGTG","Bacteria","Firmicutes","Clostridia","Clostridiales","Clostridiaceae","Clostridium sensu stricto 18",NA
"GCAGTAGGGAATCTTCGGCAATGGACGCAAGTCTGACCGAGCAACGCCGCGTGAGTGAAGAAGGTTTTCGGATCGTAAAACTCTGTTGTTAGAGAAGAACAAGGATGAGAGTGGAAAGTTCATCCCTTGACGGTATCTAACCAGAAAGCCACGGCTAACTACGTG","Bacteria","Firmicutes","Bacilli","Lactobacillales","Enterococcaceae","Enterococcus",NA
"GCAGGTCAGAGGAACGGTTTGTTACATTTGGCTACTGGTGGTATTTGTACTGTGGAAGTGGGTTATTTCCGCCGGGTCGGAGCGGGCTTGTTGCACCGTCCCGGCCCGCCACAGCTGAGCAGTTTTCGGGGCTCAACTGGTG","Eukaryota","Euglenozoa","Euglenida",NA,"Phacaceae","Lepocinclis",NA
"GCAGGTCCCCCTCAGCCGGTGTAATAATAGCCGGTGACTCATTGCGAACGGCTCCTCAAACGTTGCTGTCTGGAGGGTTTTCAGAGTTCAGATTGGACACGGTTGAACTCGCAGGGGAACGTATGGCCGCAGCGTG","Eukaryota","Euglenozoa","Kinetoplastea","Neobodonida",NA,"Neobodo",NA
"GCAGTTGGCGTTAGACTCAAGCCAGCAGTTGCACCACTGCTCAAACAAATGCTGCCTCTTTATTCTGGTGTACTGATAAATTTTGCAGTGGAGTTATGCTAACCCTGAACATTTTGGTG","Eukaryota","Annelida","Myzostomida",NA,"Myzostomidae",NA,NA
"GCAGTGAGGAATTTTCTGCAATGGGCGAAAGCCTGACAGAGCAATACCGCGTGAGGGAATAAGAAGGCCTATGGGTTGTAAACCTCTTTTCTCAAAGAAGAAGATCTGACGTTATTTGAGGAATAAGCATCGGCTAACCCTGTG","Bacteria","Cyanobacteria","Cyanobacteriia","Chloroplast",NA,NA,NA
"CTACGGGAGGCAGCAGCAGGAGGAGGAGTTGGAGGGTTTCGACGCAATGCAGACCGACTATACTAAAGGACGCCGCCACAAGTTCCTCATACACCACAAAAACAGGAGCGCTTGTGTG","Eukaryota","Euglenozoa","Kinetoplastea","Neobodonida",NA,"Rhynchomonas",NA
"GCAGTAAGGAATATTGGTCAATGGGCGGAAGCCTGAACCAGCCATGCCGCGTGCAGGATGACTGCCCTATGGGTTGTAAACTGCTTTTGTCCAGGAATAAACCTAGATACGTGTATCTAGCTGAATGTACTGGAAGAATAAGGATCGGCTAACTCCGTG","Bacteria","Bacteroidota","Bacteroidia","Sphingobacteriales","Sphingobacteriaceae","Sphingobacterium",NA
